2025-06-27 18:29:43:444 [AppRun.wrapped/liblinphone] MESSAGE Using (r/w) config information from /home/navaneet/.config/linphone/linphonerc
2025-06-27 18:29:43:444 [AppRun.wrapped/liblinphone] ERROR No parsed content from configuration file, parsed_size=[0]
2025-06-27 18:29:43:444 [AppRun.wrapped/liblinphone] MESSAGE Reading config information from /tmp/.mount_LinphoP7cZEA/usr/share/linphone/linphonerc-factory
2025-06-27 18:29:43:491 [AppRun.wrapped/liblinphone] MESSAGE Initializing LinphoneCore 5.4.18
2025-06-27 18:29:43:502 [AppRun.wrapped/liblinphone] MESSAGE Sal nat helper [enabled]
2025-06-27 18:29:43:525 [AppRun.wrapped/mediastreamer] MESSAGE Mediastreamer2 factory 5.4.0 (git: unknown) initialized.
2025-06-27 18:29:43:525 [AppRun.wrapped/mediastreamer] MESSAGE CPU count set to 12
2025-06-27 18:29:43:525 [AppRun.wrapped/mediastreamer] MESSAGE ms_factory_init() done: platform_tags=linux,x86,desktop
2025-06-27 18:29:43:529 [AppRun.wrapped/mediastreamer] MESSAGE srtp init
2025-06-27 18:29:43:538 [AppRun.wrapped/mediastreamer] MESSAGE Registering all soundcard handlers
2025-06-27 18:29:43:542 [AppRun.wrapped/mediastreamer] MESSAGE New PulseAudio context state: PA_CONTEXT_CONNECTING
2025-06-27 18:29:43:544 [AppRun.wrapped/mediastreamer] MESSAGE New PulseAudio context state: PA_CONTEXT_AUTHORIZING
2025-06-27 18:29:43:545 [AppRun.wrapped/mediastreamer] MESSAGE New PulseAudio context state: PA_CONTEXT_SETTING_NAME
2025-06-27 18:29:43:550 [AppRun.wrapped/mediastreamer] MESSAGE New PulseAudio context state: PA_CONTEXT_READY
2025-06-27 18:29:43:552 [AppRun.wrapped/mediastreamer] MESSAGE Card 'PulseAudio: Built-in Audio Analog Stereo [Unknown]' added with capabilities [capture, playback]
2025-06-27 18:29:43:579 [AppRun.wrapped/mediastreamer] MESSAGE Card 'ALSA: default [Unknown]' added with capabilities [capture, playback]
2025-06-27 18:29:43:580 [AppRun.wrapped/mediastreamer] MESSAGE ALSA: found card with name [HDA Intel PCH], long name [HDA Intel PCH at 0x6001150000 irq 160].
2025-06-27 18:29:43:645 [AppRun.wrapped/mediastreamer] MESSAGE Card 'ALSA: HDA Intel PCH [Unknown]' added with capabilities [capture, playback]
2025-06-27 18:29:43:645 [AppRun.wrapped/mediastreamer] MESSAGE Registering all webcam handlers
2025-06-27 18:29:43:757 [AppRun.wrapped/mediastreamer] MESSAGE Webcam V4L2: /dev/video0 added
2025-06-27 18:29:43:758 [AppRun.wrapped/mediastreamer] MESSAGE [MSV4l2] Ignored /dev/video1, not a capture device.
2025-06-27 18:29:43:763 [AppRun.wrapped/mediastreamer] MESSAGE Webcam StaticImage: Static picture added
2025-06-27 18:29:43:763 [AppRun.wrapped/mediastreamer] MESSAGE ms_factory_init_voip() done
2025-06-27 18:29:43:763 [AppRun.wrapped/mediastreamer] MESSAGE Loading ms plugins from [/tmp/.mount_LinphoP7cZEA/usr/lib/mediastreamer/plugins]
2025-06-27 18:29:43:763 [AppRun.wrapped/mediastreamer] MESSAGE Loading plugin /tmp/.mount_LinphoP7cZEA/usr/lib/mediastreamer/plugins/libmsopenh264.so...
2025-06-27 18:29:43:766 [AppRun.wrapped/mediastreamer] WARNING Fail to load plugin /tmp/.mount_LinphoP7cZEA/usr/lib/mediastreamer/plugins/libmsopenh264.so : libopenh264.so.6: cannot open shared object file: No such file or directory
2025-06-27 18:29:43:766 [AppRun.wrapped/mediastreamer] WARNING Could not locate init routine  of plugin libmsopenh264.so
2025-06-27 18:29:43:767 [AppRun.wrapped/mediastreamer] MESSAGE Loading plugin /tmp/.mount_LinphoP7cZEA/usr/lib/mediastreamer/plugins/libmsqogl.so...
2025-06-27 18:29:43:771 [AppRun.wrapped/mediastreamer] MESSAGE libmsqogl debug plugin loaded
2025-06-27 18:29:43:771 [AppRun.wrapped/mediastreamer] MESSAGE Plugin loaded (libmsqogl.so)
2025-06-27 18:29:43:771 [AppRun.wrapped/mediastreamer] MESSAGE Loading plugin /tmp/.mount_LinphoP7cZEA/usr/lib/mediastreamer/plugins/libmswebrtc.so...
2025-06-27 18:29:43:783 [AppRun.wrapped/bctbx] MESSAGE libmswebrtc 1.1.1 plugin loaded, iLBC codec version 1.1.1
2025-06-27 18:29:43:783 [AppRun.wrapped/mediastreamer] MESSAGE Plugin loaded (libmswebrtc.so)
2025-06-27 18:29:43:784 [AppRun.wrapped/liblinphone] MESSAGE Core callbacks [0x7c8c100501e0] registered on core [0x7c8c10009610]
2025-06-27 18:29:43:786 [AppRun.wrapped/ortp] MESSAGE oRTP-5.4.0 initialized with Atomic protection.
2025-06-27 18:29:43:786 [AppRun.wrapped/liblinphone] MESSAGE Codec opus/48000 fmtp=[useinbandfec=1] number=-1, default enablement: 1) added to the list of possible codecs.
2025-06-27 18:29:43:786 [AppRun.wrapped/liblinphone] MESSAGE Codec SILK/16000 fmtp=[] number=-1, default enablement: 1) added to the list of possible codecs.
2025-06-27 18:29:43:786 [AppRun.wrapped/liblinphone] MESSAGE Codec speex/16000 fmtp=[vbr=on] number=-1, default enablement: 1) added to the list of possible codecs.
2025-06-27 18:29:43:786 [AppRun.wrapped/liblinphone] MESSAGE Codec speex/8000 fmtp=[vbr=on] number=-1, default enablement: 1) added to the list of possible codecs.
2025-06-27 18:29:43:786 [AppRun.wrapped/liblinphone] MESSAGE Codec PCMU/8000 fmtp=[] number=0, default enablement: 1) added to the list of possible codecs.
2025-06-27 18:29:43:786 [AppRun.wrapped/liblinphone] MESSAGE Codec PCMA/8000 fmtp=[] number=8, default enablement: 1) added to the list of possible codecs.
2025-06-27 18:29:43:786 [AppRun.wrapped/liblinphone] MESSAGE Codec red/1000 fmtp=[] number=-1, default enablement: 1) added to the list of possible codecs.
2025-06-27 18:29:43:786 [AppRun.wrapped/liblinphone] MESSAGE Codec t140/1000 fmtp=[] number=-1, default enablement: 1) added to the list of possible codecs.
2025-06-27 18:29:43:786 [AppRun.wrapped/liblinphone] MESSAGE Codec GSM/8000 fmtp=[] number=3, default enablement: 0) added to the list of possible codecs.
2025-06-27 18:29:43:786 [AppRun.wrapped/liblinphone] MESSAGE Codec G722/8000 fmtp=[] number=9, default enablement: 0) added to the list of possible codecs.
2025-06-27 18:29:43:786 [AppRun.wrapped/liblinphone] MESSAGE Codec iLBC/8000 fmtp=[mode=30] number=-1, default enablement: 0) added to the list of possible codecs.
2025-06-27 18:29:43:786 [AppRun.wrapped/liblinphone] MESSAGE Codec AMR/8000 fmtp=[octet-align=1] number=-1, default enablement: 0) added to the list of possible codecs.
2025-06-27 18:29:43:786 [AppRun.wrapped/liblinphone] MESSAGE Codec AMR-WB/16000 fmtp=[octet-align=1] number=-1, default enablement: 0) added to the list of possible codecs.
2025-06-27 18:29:43:786 [AppRun.wrapped/liblinphone] MESSAGE Codec G729/8000 fmtp=[annexb=yes] number=18, default enablement: 1) added to the list of possible codecs.
2025-06-27 18:29:43:786 [AppRun.wrapped/liblinphone] MESSAGE Codec mpeg4-generic/16000 fmtp=[config=F8EE2000; constantDuration=512; indexDeltaLength=3; indexLength=3; mode=AAC-hbr; profile-level-id=76; sizeLength=13; streamType=5] number=-1, default enablement: 0) added to the list of possible codecs.
2025-06-27 18:29:43:786 [AppRun.wrapped/liblinphone] MESSAGE Codec mpeg4-generic/22050 fmtp=[config=F8EE2000; constantDuration=512; indexDeltaLength=3; indexLength=3; mode=AAC-hbr; profile-level-id=76; sizeLength=13; streamType=5] number=-1, default enablement: 0) added to the list of possible codecs.
2025-06-27 18:29:43:786 [AppRun.wrapped/liblinphone] MESSAGE Codec mpeg4-generic/32000 fmtp=[config=F8E82000; constantDuration=512; indexDeltaLength=3; indexLength=3; mode=AAC-hbr; profile-level-id=76; sizeLength=13; streamType=5] number=-1, default enablement: 0) added to the list of possible codecs.
2025-06-27 18:29:43:786 [AppRun.wrapped/liblinphone] MESSAGE Codec mpeg4-generic/44100 fmtp=[config=F8E82000; constantDuration=512; indexDeltaLength=3; indexLength=3; mode=AAC-hbr; profile-level-id=76; sizeLength=13; streamType=5] number=-1, default enablement: 0) added to the list of possible codecs.
2025-06-27 18:29:43:786 [AppRun.wrapped/liblinphone] MESSAGE Codec mpeg4-generic/48000 fmtp=[config=F8EE2000; constantDuration=512; indexDeltaLength=3; indexLength=3; mode=AAC-hbr; profile-level-id=76; sizeLength=13; streamType=5] number=-1, default enablement: 0) added to the list of possible codecs.
2025-06-27 18:29:43:786 [AppRun.wrapped/liblinphone] MESSAGE Codec iSAC/16000 fmtp=[] number=-1, default enablement: 0) added to the list of possible codecs.
2025-06-27 18:29:43:786 [AppRun.wrapped/liblinphone] MESSAGE Codec speex/32000 fmtp=[vbr=on] number=-1, default enablement: 0) added to the list of possible codecs.
2025-06-27 18:29:43:786 [AppRun.wrapped/liblinphone] MESSAGE Codec SILK/8000 fmtp=[] number=-1, default enablement: 0) added to the list of possible codecs.
2025-06-27 18:29:43:786 [AppRun.wrapped/liblinphone] MESSAGE Codec SILK/12000 fmtp=[] number=-1, default enablement: 0) added to the list of possible codecs.
2025-06-27 18:29:43:786 [AppRun.wrapped/liblinphone] MESSAGE Codec SILK/24000 fmtp=[] number=-1, default enablement: 0) added to the list of possible codecs.
2025-06-27 18:29:43:786 [AppRun.wrapped/liblinphone] MESSAGE Codec G726-16/8000 fmtp=[] number=-1, default enablement: 0) added to the list of possible codecs.
2025-06-27 18:29:43:786 [AppRun.wrapped/liblinphone] MESSAGE Codec G726-24/8000 fmtp=[] number=-1, default enablement: 0) added to the list of possible codecs.
2025-06-27 18:29:43:786 [AppRun.wrapped/liblinphone] MESSAGE Codec G726-32/8000 fmtp=[] number=-1, default enablement: 0) added to the list of possible codecs.
2025-06-27 18:29:43:786 [AppRun.wrapped/liblinphone] MESSAGE Codec G726-40/8000 fmtp=[] number=-1, default enablement: 0) added to the list of possible codecs.
2025-06-27 18:29:43:786 [AppRun.wrapped/liblinphone] MESSAGE Codec AAL2-G726-16/8000 fmtp=[] number=-1, default enablement: 0) added to the list of possible codecs.
2025-06-27 18:29:43:786 [AppRun.wrapped/liblinphone] MESSAGE Codec AAL2-G726-24/8000 fmtp=[] number=-1, default enablement: 0) added to the list of possible codecs.
2025-06-27 18:29:43:786 [AppRun.wrapped/liblinphone] MESSAGE Codec AAL2-G726-32/8000 fmtp=[] number=-1, default enablement: 0) added to the list of possible codecs.
2025-06-27 18:29:43:786 [AppRun.wrapped/liblinphone] MESSAGE Codec AAL2-G726-40/8000 fmtp=[] number=-1, default enablement: 0) added to the list of possible codecs.
2025-06-27 18:29:43:786 [AppRun.wrapped/liblinphone] MESSAGE Codec CODEC2/8000 fmtp=[] number=-1, default enablement: 0) added to the list of possible codecs.
2025-06-27 18:29:43:786 [AppRun.wrapped/liblinphone] MESSAGE Codec BV16/8000 fmtp=[] number=-1, default enablement: 0) added to the list of possible codecs.
2025-06-27 18:29:43:786 [AppRun.wrapped/liblinphone] MESSAGE Codec AV1/90000 fmtp=[] number=-1, default enablement: 1) added to the list of possible codecs.
2025-06-27 18:29:43:786 [AppRun.wrapped/liblinphone] MESSAGE Codec VP8/90000 fmtp=[] number=-1, default enablement: 1) added to the list of possible codecs.
2025-06-27 18:29:43:786 [AppRun.wrapped/liblinphone] MESSAGE Codec H264/90000 fmtp=[profile-level-id=42801F] number=-1, default enablement: 1) added to the list of possible codecs.
2025-06-27 18:29:43:786 [AppRun.wrapped/liblinphone] MESSAGE Codec H265/90000 fmtp=[] number=-1, default enablement: 1) added to the list of possible codecs.
2025-06-27 18:29:43:786 [AppRun.wrapped/liblinphone] MESSAGE Codec MP4V-ES/90000 fmtp=[profile-level-id=3] number=-1, default enablement: 1) added to the list of possible codecs.
2025-06-27 18:29:43:786 [AppRun.wrapped/liblinphone] MESSAGE Codec H263-1998/90000 fmtp=[CIF=1;QCIF=1] number=-1, default enablement: 0) added to the list of possible codecs.
2025-06-27 18:29:43:786 [AppRun.wrapped/liblinphone] MESSAGE Codec H263/90000 fmtp=[] number=34, default enablement: 0) added to the list of possible codecs.
2025-06-27 18:29:43:786 [AppRun.wrapped/liblinphone] MESSAGE Codec 1016/8000 fmtp=[] number=1, default enablement: 0) added to the list of possible codecs.
2025-06-27 18:29:43:786 [AppRun.wrapped/liblinphone] MESSAGE Codec G723/8000 fmtp=[] number=4, default enablement: 0) added to the list of possible codecs.
2025-06-27 18:29:43:786 [AppRun.wrapped/liblinphone] MESSAGE Codec LPC/8000 fmtp=[] number=7, default enablement: 0) added to the list of possible codecs.
2025-06-27 18:29:43:786 [AppRun.wrapped/liblinphone] MESSAGE Codec L16/44100 fmtp=[] number=10, default enablement: 0) added to the list of possible codecs.
2025-06-27 18:29:43:786 [AppRun.wrapped/liblinphone] MESSAGE Codec L16/44100 fmtp=[] number=11, default enablement: 0) added to the list of possible codecs.
2025-06-27 18:29:43:786 [AppRun.wrapped/liblinphone] MESSAGE Codec CN/8000 fmtp=[] number=13, default enablement: 0) added to the list of possible codecs.
2025-06-27 18:29:43:786 [AppRun.wrapped/liblinphone] MESSAGE Codec H261/90000 fmtp=[] number=31, default enablement: 0) added to the list of possible codecs.
2025-06-27 18:29:43:786 [AppRun.wrapped/liblinphone] MESSAGE Codec MPV/90000 fmtp=[] number=32, default enablement: 0) added to the list of possible codecs.
2025-06-27 18:29:43:788 [AppRun.wrapped/liblinphone] MESSAGE [vCard] Creating parser using 4.0 grammar (RFC 6350/6358)
2025-06-27 18:29:43:792 [AppRun.wrapped/bctbx] MESSAGE [BelCard] Loading vCard 4.0 grammar
2025-06-27 18:29:43:801 [AppRun.wrapped/mediastreamer] MESSAGE Loading ms plugins from [/tmp/.mount_LinphoP7cZEA/usr/lib/mediastreamer/plugins]
2025-06-27 18:29:43:802 [AppRun.wrapped/mediastreamer] MESSAGE Loading plugin /tmp/.mount_LinphoP7cZEA/usr/lib/mediastreamer/plugins/libmsopenh264.so...
2025-06-27 18:29:43:802 [AppRun.wrapped/mediastreamer] WARNING Fail to load plugin /tmp/.mount_LinphoP7cZEA/usr/lib/mediastreamer/plugins/libmsopenh264.so : libopenh264.so.6: cannot open shared object file: No such file or directory
2025-06-27 18:29:43:802 [AppRun.wrapped/mediastreamer] WARNING Could not locate init routine  of plugin libmsopenh264.so
2025-06-27 18:29:43:802 [AppRun.wrapped/mediastreamer] MESSAGE Loading plugin /tmp/.mount_LinphoP7cZEA/usr/lib/mediastreamer/plugins/libmsqogl.so...
2025-06-27 18:29:43:802 [AppRun.wrapped/mediastreamer] MESSAGE libmsqogl debug plugin loaded
2025-06-27 18:29:43:802 [AppRun.wrapped/mediastreamer] MESSAGE Plugin loaded (libmsqogl.so)
2025-06-27 18:29:43:802 [AppRun.wrapped/mediastreamer] MESSAGE Loading plugin /tmp/.mount_LinphoP7cZEA/usr/lib/mediastreamer/plugins/libmswebrtc.so...
2025-06-27 18:29:43:802 [AppRun.wrapped/bctbx] MESSAGE libmswebrtc 1.1.1 plugin loaded, iLBC codec version 1.1.1
2025-06-27 18:29:43:802 [AppRun.wrapped/mediastreamer] MESSAGE Plugin loaded (libmswebrtc.so)
2025-06-27 18:29:43:802 [AppRun.wrapped/liblinphone] MESSAGE linphone_core_set_playback_gain_db(): no active call.
2025-06-27 18:29:43:803 [AppRun.wrapped/liblinphone] MESSAGE linphone_core_enable_mic(): new state is [enabled], current state is [disabled]
2025-06-27 18:29:43:803 [AppRun.wrapped/liblinphone] MESSAGE linphone_core_set_mic_gain_db(): no active call.
2025-06-27 18:29:43:803 [AppRun.wrapped/liblinphone] MESSAGE Sal nat helper [enabled]
2025-06-27 18:29:43:803 [AppRun.wrapped/liblinphone] MESSAGE Sal use rports [enabled]
2025-06-27 18:29:43:803 [AppRun.wrapped/liblinphone] MESSAGE MTU is supposed to be 1300, rtp payload max size will be 1240
2025-06-27 18:29:43:804 [AppRun.wrapped/liblinphone] MESSAGE Supported codec opus/48000 fmtp=useinbandfec=1 automatically added to codec list.
2025-06-27 18:29:43:804 [AppRun.wrapped/mediastreamer] MESSAGE Could not find encoder for SILK
2025-06-27 18:29:43:804 [AppRun.wrapped/liblinphone] MESSAGE Supported codec speex/16000 fmtp=vbr=on automatically added to codec list.
2025-06-27 18:29:43:804 [AppRun.wrapped/liblinphone] MESSAGE Supported codec speex/8000 fmtp=vbr=on automatically added to codec list.
2025-06-27 18:29:43:804 [AppRun.wrapped/liblinphone] MESSAGE Supported codec PCMU/8000 fmtp= automatically added to codec list.
2025-06-27 18:29:43:804 [AppRun.wrapped/liblinphone] MESSAGE Supported codec PCMA/8000 fmtp= automatically added to codec list.
2025-06-27 18:29:43:804 [AppRun.wrapped/liblinphone] MESSAGE Supported codec GSM/8000 fmtp= automatically added to codec list.
2025-06-27 18:29:43:804 [AppRun.wrapped/liblinphone] MESSAGE Supported codec G722/8000 fmtp= automatically added to codec list.
2025-06-27 18:29:43:804 [AppRun.wrapped/liblinphone] MESSAGE Supported codec iLBC/8000 fmtp=mode=30 automatically added to codec list.
2025-06-27 18:29:43:804 [AppRun.wrapped/mediastreamer] MESSAGE Could not find encoder for AMR
2025-06-27 18:29:43:804 [AppRun.wrapped/mediastreamer] MESSAGE Could not find encoder for AMR-WB
2025-06-27 18:29:43:804 [AppRun.wrapped/liblinphone] MESSAGE Supported codec G729/8000 fmtp=annexb=yes automatically added to codec list.
2025-06-27 18:29:43:804 [AppRun.wrapped/mediastreamer] MESSAGE Could not find encoder for mpeg4-generic
2025-06-27 18:29:43:804 [AppRun.wrapped/mediastreamer] MESSAGE Could not find encoder for mpeg4-generic
2025-06-27 18:29:43:804 [AppRun.wrapped/mediastreamer] MESSAGE Could not find encoder for mpeg4-generic
2025-06-27 18:29:43:805 [AppRun.wrapped/mediastreamer] MESSAGE Could not find encoder for mpeg4-generic
2025-06-27 18:29:43:805 [AppRun.wrapped/mediastreamer] MESSAGE Could not find encoder for mpeg4-generic
2025-06-27 18:29:43:805 [AppRun.wrapped/mediastreamer] MESSAGE Could not find encoder for iSAC
2025-06-27 18:29:43:805 [AppRun.wrapped/liblinphone] MESSAGE Supported codec speex/32000 fmtp=vbr=on automatically added to codec list.
2025-06-27 18:29:43:805 [AppRun.wrapped/mediastreamer] MESSAGE Could not find encoder for SILK
2025-06-27 18:29:43:805 [AppRun.wrapped/mediastreamer] MESSAGE Could not find encoder for SILK
2025-06-27 18:29:43:805 [AppRun.wrapped/mediastreamer] MESSAGE Could not find encoder for SILK
2025-06-27 18:29:43:805 [AppRun.wrapped/mediastreamer] MESSAGE Could not find encoder for G726-16
2025-06-27 18:29:43:805 [AppRun.wrapped/mediastreamer] MESSAGE Could not find encoder for G726-24
2025-06-27 18:29:43:805 [AppRun.wrapped/mediastreamer] MESSAGE Could not find encoder for G726-32
2025-06-27 18:29:43:805 [AppRun.wrapped/mediastreamer] MESSAGE Could not find encoder for G726-40
2025-06-27 18:29:43:805 [AppRun.wrapped/mediastreamer] MESSAGE Could not find encoder for AAL2-G726-16
2025-06-27 18:29:43:805 [AppRun.wrapped/mediastreamer] MESSAGE Could not find encoder for AAL2-G726-24
2025-06-27 18:29:43:805 [AppRun.wrapped/mediastreamer] MESSAGE Could not find encoder for AAL2-G726-32
2025-06-27 18:29:43:805 [AppRun.wrapped/mediastreamer] MESSAGE Could not find encoder for AAL2-G726-40
2025-06-27 18:29:43:805 [AppRun.wrapped/mediastreamer] MESSAGE Could not find encoder for CODEC2
2025-06-27 18:29:43:805 [AppRun.wrapped/liblinphone] MESSAGE Supported codec BV16/8000 fmtp= automatically added to codec list.
2025-06-27 18:29:43:805 [AppRun.wrapped/mediastreamer] MESSAGE Could not find encoder for 1016
2025-06-27 18:29:43:805 [AppRun.wrapped/mediastreamer] MESSAGE Could not find encoder for G723
2025-06-27 18:29:43:805 [AppRun.wrapped/mediastreamer] MESSAGE Could not find encoder for LPC
2025-06-27 18:29:43:805 [AppRun.wrapped/liblinphone] MESSAGE Supported codec L16/44100 fmtp= automatically added to codec list.
2025-06-27 18:29:43:805 [AppRun.wrapped/liblinphone] MESSAGE Supported codec L16/44100 fmtp= automatically added to codec list.
2025-06-27 18:29:43:805 [AppRun.wrapped/mediastreamer] MESSAGE Could not find encoder for CN
2025-06-27 18:29:43:805 [AppRun.wrapped/liblinphone] MESSAGE Supported codec AV1/90000 fmtp= automatically added to codec list.
2025-06-27 18:29:43:805 [AppRun.wrapped/liblinphone] MESSAGE Supported codec VP8/90000 fmtp= automatically added to codec list.
2025-06-27 18:29:43:805 [AppRun.wrapped/mediastreamer] MESSAGE Could not find encoder for H264
2025-06-27 18:29:43:805 [AppRun.wrapped/mediastreamer] MESSAGE Could not find encoder for H265
2025-06-27 18:29:43:805 [AppRun.wrapped/mediastreamer] MESSAGE Could not find encoder for MP4V-ES
2025-06-27 18:29:43:805 [AppRun.wrapped/mediastreamer] MESSAGE Could not find encoder for H263-1998
2025-06-27 18:29:43:805 [AppRun.wrapped/mediastreamer] MESSAGE Could not find encoder for H263
2025-06-27 18:29:43:805 [AppRun.wrapped/mediastreamer] MESSAGE Could not find encoder for H261
2025-06-27 18:29:43:805 [AppRun.wrapped/mediastreamer] MESSAGE Could not find encoder for MPV
2025-06-27 18:29:43:805 [AppRun.wrapped/liblinphone] MESSAGE Supported codec red/1000 fmtp= automatically added to codec list.
2025-06-27 18:29:43:805 [AppRun.wrapped/liblinphone] MESSAGE Supported codec t140/1000 fmtp= automatically added to codec list.
2025-06-27 18:29:43:807 [AppRun.wrapped/liblinphone] MESSAGE Sorting video codec list, new list is:
2025-06-27 18:29:43:807 [AppRun.wrapped/liblinphone] MESSAGE AV1
2025-06-27 18:29:43:807 [AppRun.wrapped/liblinphone] MESSAGE VP8
2025-06-27 18:29:43:807 [AppRun.wrapped/liblinphone] MESSAGE Sal use rports [enabled]
2025-06-27 18:29:43:807 [AppRun.wrapped/belle-sip] MESSAGE belle_sip_stack_set_well_know_port() : set to [5060]
2025-06-27 18:29:43:807 [AppRun.wrapped/belle-sip] MESSAGE belle_sip_stack_set_well_know_port_tls() : set to [5061]
2025-06-27 18:29:43:807 [AppRun.wrapped/belle-sip] MESSAGE Root ca path set to /etc/ssl/certs
2025-06-27 18:29:43:809 [AppRun.wrapped/belle-sip] MESSAGE Root ca path set to /etc/ssl/certs
2025-06-27 18:29:43:809 [AppRun.wrapped/belle-sip] MESSAGE Root ca path set to /tmp/.mount_LinphoP7cZEA/usr/share/linphone/rootca.pem
2025-06-27 18:29:43:821 [AppRun.wrapped/liblinphone] MESSAGE Resetting default account as a negative index (-1) has been provided
2025-06-27 18:29:43:821 [AppRun.wrapped/liblinphone] MESSAGE Account 0 is already the default one, skipping.
2025-06-27 18:29:43:821 [AppRun.wrapped/liblinphone] MESSAGE Invalidating friends maps for list [0x7c8c100a6418]
2025-06-27 18:29:43:822 [AppRun.wrapped/liblinphone] MESSAGE Switching LinphoneCore [0x7c8c10009610] from state LinphoneGlobalOff to LinphoneGlobalReady
2025-06-27 18:29:43:822 [AppRun.wrapped/liblinphone] MESSAGE Core callbacks [0x7c8c10003480] registered on core [0x7c8c10009610]
2025-06-27 18:29:43:824 [AppRun.wrapped/liblinphone] MESSAGE Sal::unlistenPorts(): done
2025-06-27 18:29:43:824 [AppRun.wrapped/belle-sip] MESSAGE Creating listening point [0x7c8c10006550] on [sip:[::0]:-2;transport=UDP]
2025-06-27 18:29:43:824 [AppRun.wrapped/belle-sip] MESSAGE Creating listening point [0x7c8c10157600] on [sip:[::0]:-2;transport=TCP]
2025-06-27 18:29:43:824 [AppRun.wrapped/belle-sip] MESSAGE Creating listening point [0x7c8c10157960] on [sip:[::0]:-2;transport=TLS]
2025-06-27 18:29:43:824 [AppRun.wrapped/belle-sip] MESSAGE Root ca path set to /etc/ssl/certs
2025-06-27 18:29:43:824 [AppRun.wrapped/belle-sip] MESSAGE Root ca path set to /etc/ssl/certs
2025-06-27 18:29:43:824 [AppRun.wrapped/belle-sip] MESSAGE Root ca path set to /tmp/.mount_LinphoP7cZEA/usr/share/linphone/rootca.pem
2025-06-27 18:29:43:824 [AppRun.wrapped/belle-sip] MESSAGE belle_sip_stack_set_ip_version_preference(): AF_INET6
2025-06-27 18:29:43:824 [AppRun.wrapped/liblinphone] MESSAGE Switching LinphoneCore [0x7c8c10009610] from state LinphoneGlobalReady to LinphoneGlobalStartup
2025-06-27 18:29:43:824 [AppRun.wrapped/liblinphone] MESSAGE Loading linphone core plugins from ./lib/liblinphone/plugins
2025-06-27 18:29:43:824 [AppRun.wrapped/liblinphone] MESSAGE Cannot open directory ./lib/liblinphone/plugins: No such file or directory
2025-06-27 18:29:43:831 [AppRun.wrapped/liblinphone] MESSAGE [ToneManager] create ToneManager()
2025-06-27 18:29:43:837 [AppRun.wrapped/liblinphone] MESSAGE Using [/home/navaneet/.local/share/linphone//x3dh.c25519.sqlite3] as lime database path
2025-06-27 18:29:43:837 [AppRun.wrapped/liblinphone] MESSAGE [LIME] instanciate a LimeX3dhEncryption engine 0x7c8c10157e60 - default server is [] and default curve [c25519] DB path: /home/navaneet/.local/share/linphone//x3dh.c25519.sqlite3
2025-06-27 18:29:43:868 [AppRun.wrapped/liblinphone] MESSAGE Using ["/home/navaneet/.local/share/linphone//linphone.db"] as default database path
2025-06-27 18:29:43:868 [AppRun.wrapped/liblinphone] MESSAGE Opening linphone database "/home/navaneet/.local/share/linphone//linphone.db" with backend Sqlite3
2025-06-27 18:29:43:875 [AppRun.wrapped/liblinphone] MESSAGE Event table version is 0.0
2025-06-27 18:29:43:916 [AppRun.wrapped/liblinphone] MESSAGE Friends table version is 0.0
2025-06-27 18:29:43:928 [AppRun.wrapped/liblinphone] MESSAGE Beginning loadChatRoms
2025-06-27 18:29:43:928 [AppRun.wrapped/liblinphone] MESSAGE Start measurement of [Get chat rooms.].
2025-06-27 18:29:43:932 [AppRun.wrapped/liblinphone] MESSAGE Duration of [Get chat rooms.]: 3ms.
2025-06-27 18:29:43:932 [AppRun.wrapped/liblinphone] MESSAGE End loadChatRoms
2025-06-27 18:29:43:934 [AppRun.wrapped/liblinphone] MESSAGE Start measurement of [Get friend lists.].
2025-06-27 18:29:43:934 [AppRun.wrapped/liblinphone] MESSAGE Duration of [Get friend lists.]: 0ms.
2025-06-27 18:29:43:934 [AppRun.wrapped/liblinphone] MESSAGE Fetched [0] friend lists from DB
2025-06-27 18:29:43:934 [AppRun.wrapped/liblinphone] MESSAGE Using [/home/navaneet/.local/share/linphone//call-history.db] as legacy call history database path
2025-06-27 18:29:43:935 [AppRun.wrapped/liblinphone] WARNING nothing to migrate, skipping...
2025-06-27 18:29:43:935 [AppRun.wrapped/liblinphone] MESSAGE Using [/home/navaneet/.local/share/linphone//zrtp-secrets.db] as default zrtp secrets database path
2025-06-27 18:29:43:941 [AppRun.wrapped/liblinphone] MESSAGE Using [/home/navaneet/.local/share/linphone/friends.db] as legacy friends database path
2025-06-27 18:29:43:941 [AppRun.wrapped/liblinphone] MESSAGE Using [/home/navaneet/.local/share/linphone/friends.db] file for friends database
2025-06-27 18:29:43:941 [AppRun.wrapped/belle-sip] MESSAGE Root ca path set to /tmp/.mount_LinphoP7cZEA/usr/share/linphone/rootca.pem
2025-06-27 18:29:43:941 [AppRun.wrapped/belle-sip] MESSAGE belle_sip_stack_force_name_addr(): forced=0
2025-06-27 18:29:43:942 [AppRun.wrapped/liblinphone] MESSAGE SIP network reachability state is now [UP]
2025-06-27 18:29:43:942 [AppRun.wrapped/liblinphone] MESSAGE Media network reachability state is now [UP]
2025-06-27 18:29:43:942 [AppRun.wrapped/liblinphone] MESSAGE Switching LinphoneCore [0x7c8c10009610] from state LinphoneGlobalStartup to LinphoneGlobalConfiguring
2025-06-27 18:29:43:942 [AppRun.wrapped/liblinphone] MESSAGE Linphone core [0x7c8c10009610] notified [global_state_changed]
2025-06-27 18:29:43:942 [AppRun.wrapped/liblinphone] MESSAGE Linphone core [0x7c8c10009610] notified [configuring_status]
2025-06-27 18:29:43:942 [AppRun.wrapped/belle-sip] MESSAGE Listening point [0x7c8c10006550] on [sip:[::0]:-2;transport=UDP] destroyed
2025-06-27 18:29:43:942 [AppRun.wrapped/belle-sip] MESSAGE Listening point [0x7c8c10157600] on [sip:[::0]:-2;transport=TCP] destroyed
2025-06-27 18:29:43:942 [AppRun.wrapped/belle-sip] MESSAGE Listening point [0x7c8c10157960] on [sip:[::0]:-2;transport=TLS] destroyed
2025-06-27 18:29:43:942 [AppRun.wrapped/liblinphone] MESSAGE Sal::unlistenPorts(): done
2025-06-27 18:29:43:942 [AppRun.wrapped/belle-sip] MESSAGE Creating listening point [0x7c8c101f4c70] on [sip:[::0]:-2;transport=UDP]
2025-06-27 18:29:43:942 [AppRun.wrapped/belle-sip] MESSAGE Creating listening point [0x7c8c101eb8c0] on [sip:[::0]:-2;transport=TCP]
2025-06-27 18:29:43:942 [AppRun.wrapped/belle-sip] MESSAGE Creating listening point [0x7c8c1018e5c0] on [sip:[::0]:-2;transport=TLS]
2025-06-27 18:29:43:942 [AppRun.wrapped/belle-sip] MESSAGE Root ca path set to /etc/ssl/certs
2025-06-27 18:29:43:942 [AppRun.wrapped/belle-sip] MESSAGE Root ca path set to /etc/ssl/certs
2025-06-27 18:29:43:942 [AppRun.wrapped/belle-sip] MESSAGE Root ca path set to /tmp/.mount_LinphoP7cZEA/usr/share/linphone/rootca.pem
2025-06-27 18:29:43:942 [AppRun.wrapped/belle-sip] MESSAGE belle_sip_stack_set_ip_version_preference(): AF_INET6
2025-06-27 18:29:43:942 [AppRun.wrapped/liblinphone] MESSAGE Switching LinphoneCore [0x7c8c10009610] from state LinphoneGlobalConfiguring to LinphoneGlobalOn
2025-06-27 18:29:43:943 [AppRun.wrapped/liblinphone] MESSAGE Linphone core [0x7c8c10009610] notified [global_state_changed]
2025-06-27 18:29:43:943 [AppRun.wrapped/liblinphone] MESSAGE linphone_core_set_mic_gain_db(): no active call.
2025-06-27 18:29:43:943 [AppRun.wrapped/liblinphone] MESSAGE linphone_core_set_playback_gain_db(): no active call.
2025-06-27 18:29:43:951 [AppRun.wrapped/mediastreamer] MESSAGE Loading ms plugins from [/tmp/.mount_LinphoP7cZEA/usr/lib/mediastreamer/plugins]
2025-06-27 18:29:43:954 [AppRun.wrapped/mediastreamer] MESSAGE Loading plugin /tmp/.mount_LinphoP7cZEA/usr/lib/mediastreamer/plugins/libmsopenh264.so...
2025-06-27 18:29:43:955 [AppRun.wrapped/mediastreamer] WARNING Fail to load plugin /tmp/.mount_LinphoP7cZEA/usr/lib/mediastreamer/plugins/libmsopenh264.so : libopenh264.so.6: cannot open shared object file: No such file or directory
2025-06-27 18:29:43:955 [AppRun.wrapped/mediastreamer] WARNING Could not locate init routine  of plugin libmsopenh264.so
2025-06-27 18:29:43:955 [AppRun.wrapped/mediastreamer] MESSAGE Loading plugin /tmp/.mount_LinphoP7cZEA/usr/lib/mediastreamer/plugins/libmsqogl.so...
2025-06-27 18:29:43:955 [AppRun.wrapped/mediastreamer] MESSAGE libmsqogl debug plugin loaded
2025-06-27 18:29:43:955 [AppRun.wrapped/mediastreamer] MESSAGE Plugin loaded (libmsqogl.so)
2025-06-27 18:29:43:955 [AppRun.wrapped/mediastreamer] MESSAGE Loading plugin /tmp/.mount_LinphoP7cZEA/usr/lib/mediastreamer/plugins/libmswebrtc.so...
2025-06-27 18:29:43:955 [AppRun.wrapped/bctbx] MESSAGE libmswebrtc 1.1.1 plugin loaded, iLBC codec version 1.1.1
2025-06-27 18:29:43:955 [AppRun.wrapped/mediastreamer] MESSAGE Plugin loaded (libmswebrtc.so)
2025-06-27 18:29:43:955 [AppRun.wrapped/liblinphone] MESSAGE Supported codec opus/48000 fmtp=useinbandfec=1 automatically added to codec list.
2025-06-27 18:29:43:955 [AppRun.wrapped/mediastreamer] MESSAGE Could not find encoder for SILK
2025-06-27 18:29:43:955 [AppRun.wrapped/liblinphone] MESSAGE Supported codec speex/16000 fmtp=vbr=on automatically added to codec list.
2025-06-27 18:29:43:955 [AppRun.wrapped/liblinphone] MESSAGE Supported codec speex/8000 fmtp=vbr=on automatically added to codec list.
2025-06-27 18:29:43:955 [AppRun.wrapped/liblinphone] MESSAGE Supported codec PCMU/8000 fmtp= automatically added to codec list.
2025-06-27 18:29:43:955 [AppRun.wrapped/liblinphone] MESSAGE Supported codec PCMA/8000 fmtp= automatically added to codec list.
2025-06-27 18:29:43:955 [AppRun.wrapped/liblinphone] MESSAGE Supported codec GSM/8000 fmtp= automatically added to codec list.
2025-06-27 18:29:43:955 [AppRun.wrapped/liblinphone] MESSAGE Supported codec G722/8000 fmtp= automatically added to codec list.
2025-06-27 18:29:43:955 [AppRun.wrapped/liblinphone] MESSAGE Supported codec iLBC/8000 fmtp=mode=30 automatically added to codec list.
2025-06-27 18:29:43:955 [AppRun.wrapped/mediastreamer] MESSAGE Could not find encoder for AMR
2025-06-27 18:29:43:955 [AppRun.wrapped/mediastreamer] MESSAGE Could not find encoder for AMR-WB
2025-06-27 18:29:43:955 [AppRun.wrapped/liblinphone] MESSAGE Supported codec G729/8000 fmtp=annexb=yes automatically added to codec list.
2025-06-27 18:29:43:955 [AppRun.wrapped/mediastreamer] MESSAGE Could not find encoder for mpeg4-generic
2025-06-27 18:29:43:955 [AppRun.wrapped/mediastreamer] MESSAGE Could not find encoder for mpeg4-generic
2025-06-27 18:29:43:955 [AppRun.wrapped/mediastreamer] MESSAGE Could not find encoder for mpeg4-generic
2025-06-27 18:29:43:955 [AppRun.wrapped/mediastreamer] MESSAGE Could not find encoder for mpeg4-generic
2025-06-27 18:29:43:955 [AppRun.wrapped/mediastreamer] MESSAGE Could not find encoder for mpeg4-generic
2025-06-27 18:29:43:955 [AppRun.wrapped/mediastreamer] MESSAGE Could not find encoder for iSAC
2025-06-27 18:29:43:955 [AppRun.wrapped/liblinphone] MESSAGE Supported codec speex/32000 fmtp=vbr=on automatically added to codec list.
2025-06-27 18:29:43:955 [AppRun.wrapped/mediastreamer] MESSAGE Could not find encoder for SILK
2025-06-27 18:29:43:955 [AppRun.wrapped/mediastreamer] MESSAGE Could not find encoder for SILK
2025-06-27 18:29:43:955 [AppRun.wrapped/mediastreamer] MESSAGE Could not find encoder for SILK
2025-06-27 18:29:43:955 [AppRun.wrapped/mediastreamer] MESSAGE Could not find encoder for G726-16
2025-06-27 18:29:43:955 [AppRun.wrapped/mediastreamer] MESSAGE Could not find encoder for G726-24
2025-06-27 18:29:43:955 [AppRun.wrapped/mediastreamer] MESSAGE Could not find encoder for G726-32
2025-06-27 18:29:43:955 [AppRun.wrapped/mediastreamer] MESSAGE Could not find encoder for G726-40
2025-06-27 18:29:43:955 [AppRun.wrapped/mediastreamer] MESSAGE Could not find encoder for AAL2-G726-16
2025-06-27 18:29:43:955 [AppRun.wrapped/mediastreamer] MESSAGE Could not find encoder for AAL2-G726-24
2025-06-27 18:29:43:955 [AppRun.wrapped/mediastreamer] MESSAGE Could not find encoder for AAL2-G726-32
2025-06-27 18:29:43:955 [AppRun.wrapped/mediastreamer] MESSAGE Could not find encoder for AAL2-G726-40
2025-06-27 18:29:43:955 [AppRun.wrapped/mediastreamer] MESSAGE Could not find encoder for CODEC2
2025-06-27 18:29:43:955 [AppRun.wrapped/liblinphone] MESSAGE Supported codec BV16/8000 fmtp= automatically added to codec list.
2025-06-27 18:29:43:955 [AppRun.wrapped/mediastreamer] MESSAGE Could not find encoder for 1016
2025-06-27 18:29:43:955 [AppRun.wrapped/mediastreamer] MESSAGE Could not find encoder for G723
2025-06-27 18:29:43:955 [AppRun.wrapped/mediastreamer] MESSAGE Could not find encoder for LPC
2025-06-27 18:29:43:955 [AppRun.wrapped/liblinphone] MESSAGE Supported codec L16/44100 fmtp= automatically added to codec list.
2025-06-27 18:29:43:955 [AppRun.wrapped/liblinphone] MESSAGE Supported codec L16/44100 fmtp= automatically added to codec list.
2025-06-27 18:29:43:956 [AppRun.wrapped/mediastreamer] MESSAGE Could not find encoder for CN
2025-06-27 18:29:43:956 [AppRun.wrapped/liblinphone] MESSAGE Supported codec AV1/90000 fmtp= automatically added to codec list.
2025-06-27 18:29:43:956 [AppRun.wrapped/liblinphone] MESSAGE Supported codec VP8/90000 fmtp= automatically added to codec list.
2025-06-27 18:29:43:956 [AppRun.wrapped/mediastreamer] MESSAGE Could not find encoder for H264
2025-06-27 18:29:43:956 [AppRun.wrapped/mediastreamer] MESSAGE Could not find encoder for H265
2025-06-27 18:29:43:956 [AppRun.wrapped/mediastreamer] MESSAGE Could not find encoder for MP4V-ES
2025-06-27 18:29:43:956 [AppRun.wrapped/mediastreamer] MESSAGE Could not find encoder for H263-1998
2025-06-27 18:29:43:956 [AppRun.wrapped/mediastreamer] MESSAGE Could not find encoder for H263
2025-06-27 18:29:43:956 [AppRun.wrapped/mediastreamer] MESSAGE Could not find encoder for H261
2025-06-27 18:29:43:956 [AppRun.wrapped/mediastreamer] MESSAGE Could not find encoder for MPV
2025-06-27 18:29:43:956 [AppRun.wrapped/liblinphone] MESSAGE Supported codec red/1000 fmtp= automatically added to codec list.
2025-06-27 18:29:43:956 [AppRun.wrapped/liblinphone] MESSAGE Supported codec t140/1000 fmtp= automatically added to codec list.
2025-06-27 18:29:43:956 [AppRun.wrapped/liblinphone] MESSAGE Sorting video codec list, new list is:
2025-06-27 18:29:43:956 [AppRun.wrapped/liblinphone] MESSAGE AV1
2025-06-27 18:29:43:956 [AppRun.wrapped/liblinphone] MESSAGE VP8
2025-06-30 11:22:22:807 [AppRun.wrapped/liblinphone] MESSAGE Using (r/w) config information from /home/navaneet/.config/linphone/linphonerc
2025-06-30 11:22:22:808 [AppRun.wrapped/liblinphone] MESSAGE Reading config information from /tmp/.mount_LinphonBXyfL/usr/share/linphone/linphonerc-factory
2025-06-30 11:22:22:855 [AppRun.wrapped/liblinphone] MESSAGE Initializing LinphoneCore 5.4.18
2025-06-30 11:22:22:866 [AppRun.wrapped/liblinphone] MESSAGE Sal nat helper [enabled]
2025-06-30 11:22:22:888 [AppRun.wrapped/mediastreamer] MESSAGE Mediastreamer2 factory 5.4.0 (git: unknown) initialized.
2025-06-30 11:22:22:889 [AppRun.wrapped/mediastreamer] MESSAGE CPU count set to 12
2025-06-30 11:22:22:889 [AppRun.wrapped/mediastreamer] MESSAGE ms_factory_init() done: platform_tags=linux,x86,desktop
2025-06-30 11:22:22:892 [AppRun.wrapped/mediastreamer] MESSAGE srtp init
2025-06-30 11:22:22:901 [AppRun.wrapped/mediastreamer] MESSAGE Registering all soundcard handlers
2025-06-30 11:22:22:905 [AppRun.wrapped/mediastreamer] MESSAGE New PulseAudio context state: PA_CONTEXT_CONNECTING
2025-06-30 11:22:22:908 [AppRun.wrapped/mediastreamer] MESSAGE New PulseAudio context state: PA_CONTEXT_AUTHORIZING
2025-06-30 11:22:22:909 [AppRun.wrapped/mediastreamer] MESSAGE New PulseAudio context state: PA_CONTEXT_SETTING_NAME
2025-06-30 11:22:22:914 [AppRun.wrapped/mediastreamer] MESSAGE New PulseAudio context state: PA_CONTEXT_READY
2025-06-30 11:22:22:916 [AppRun.wrapped/mediastreamer] MESSAGE Card 'PulseAudio: Built-in Audio Analog Stereo [Unknown]' added with capabilities [capture, playback]
2025-06-30 11:22:22:940 [AppRun.wrapped/mediastreamer] MESSAGE Card 'ALSA: default [Unknown]' added with capabilities [capture, playback]
2025-06-30 11:22:22:941 [AppRun.wrapped/mediastreamer] MESSAGE ALSA: found card with name [HDA Intel PCH], long name [HDA Intel PCH at 0x6001150000 irq 160].
2025-06-30 11:22:23:003 [AppRun.wrapped/mediastreamer] MESSAGE Card 'ALSA: HDA Intel PCH [Unknown]' added with capabilities [capture, playback]
2025-06-30 11:22:23:004 [AppRun.wrapped/mediastreamer] MESSAGE Registering all webcam handlers
2025-06-30 11:22:23:115 [AppRun.wrapped/mediastreamer] MESSAGE Webcam V4L2: /dev/video0 added
2025-06-30 11:22:23:115 [AppRun.wrapped/mediastreamer] MESSAGE [MSV4l2] Ignored /dev/video1, not a capture device.
2025-06-30 11:22:23:119 [AppRun.wrapped/mediastreamer] MESSAGE Webcam StaticImage: Static picture added
2025-06-30 11:22:23:119 [AppRun.wrapped/mediastreamer] MESSAGE ms_factory_init_voip() done
2025-06-30 11:22:23:119 [AppRun.wrapped/mediastreamer] MESSAGE Loading ms plugins from [/tmp/.mount_LinphonBXyfL/usr/lib/mediastreamer/plugins]
2025-06-30 11:22:23:120 [AppRun.wrapped/mediastreamer] MESSAGE Loading plugin /tmp/.mount_LinphonBXyfL/usr/lib/mediastreamer/plugins/libmsopenh264.so...
2025-06-30 11:22:23:124 [AppRun.wrapped/mediastreamer] WARNING Fail to load plugin /tmp/.mount_LinphonBXyfL/usr/lib/mediastreamer/plugins/libmsopenh264.so : libopenh264.so.6: cannot open shared object file: No such file or directory
2025-06-30 11:22:23:124 [AppRun.wrapped/mediastreamer] WARNING Could not locate init routine  of plugin libmsopenh264.so
2025-06-30 11:22:23:124 [AppRun.wrapped/mediastreamer] MESSAGE Loading plugin /tmp/.mount_LinphonBXyfL/usr/lib/mediastreamer/plugins/libmsqogl.so...
2025-06-30 11:22:23:128 [AppRun.wrapped/mediastreamer] MESSAGE libmsqogl debug plugin loaded
2025-06-30 11:22:23:128 [AppRun.wrapped/mediastreamer] MESSAGE Plugin loaded (libmsqogl.so)
2025-06-30 11:22:23:128 [AppRun.wrapped/mediastreamer] MESSAGE Loading plugin /tmp/.mount_LinphonBXyfL/usr/lib/mediastreamer/plugins/libmswebrtc.so...
2025-06-30 11:22:23:141 [AppRun.wrapped/bctbx] MESSAGE libmswebrtc 1.1.1 plugin loaded, iLBC codec version 1.1.1
2025-06-30 11:22:23:141 [AppRun.wrapped/mediastreamer] MESSAGE Plugin loaded (libmswebrtc.so)
2025-06-30 11:22:23:141 [AppRun.wrapped/liblinphone] MESSAGE Core callbacks [0x7cd3a4055500] registered on core [0x7cd3a40075b0]
2025-06-30 11:22:23:142 [AppRun.wrapped/ortp] MESSAGE oRTP-5.4.0 initialized with Atomic protection.
2025-06-30 11:22:23:142 [AppRun.wrapped/liblinphone] MESSAGE Codec opus/48000 fmtp=[useinbandfec=1] number=-1, default enablement: 1) added to the list of possible codecs.
2025-06-30 11:22:23:142 [AppRun.wrapped/liblinphone] MESSAGE Codec SILK/16000 fmtp=[] number=-1, default enablement: 1) added to the list of possible codecs.
2025-06-30 11:22:23:142 [AppRun.wrapped/liblinphone] MESSAGE Codec speex/16000 fmtp=[vbr=on] number=-1, default enablement: 1) added to the list of possible codecs.
2025-06-30 11:22:23:142 [AppRun.wrapped/liblinphone] MESSAGE Codec speex/8000 fmtp=[vbr=on] number=-1, default enablement: 1) added to the list of possible codecs.
2025-06-30 11:22:23:142 [AppRun.wrapped/liblinphone] MESSAGE Codec PCMU/8000 fmtp=[] number=0, default enablement: 1) added to the list of possible codecs.
2025-06-30 11:22:23:142 [AppRun.wrapped/liblinphone] MESSAGE Codec PCMA/8000 fmtp=[] number=8, default enablement: 1) added to the list of possible codecs.
2025-06-30 11:22:23:142 [AppRun.wrapped/liblinphone] MESSAGE Codec red/1000 fmtp=[] number=-1, default enablement: 1) added to the list of possible codecs.
2025-06-30 11:22:23:142 [AppRun.wrapped/liblinphone] MESSAGE Codec t140/1000 fmtp=[] number=-1, default enablement: 1) added to the list of possible codecs.
2025-06-30 11:22:23:142 [AppRun.wrapped/liblinphone] MESSAGE Codec GSM/8000 fmtp=[] number=3, default enablement: 0) added to the list of possible codecs.
2025-06-30 11:22:23:142 [AppRun.wrapped/liblinphone] MESSAGE Codec G722/8000 fmtp=[] number=9, default enablement: 0) added to the list of possible codecs.
2025-06-30 11:22:23:143 [AppRun.wrapped/liblinphone] MESSAGE Codec iLBC/8000 fmtp=[mode=30] number=-1, default enablement: 0) added to the list of possible codecs.
2025-06-30 11:22:23:143 [AppRun.wrapped/liblinphone] MESSAGE Codec AMR/8000 fmtp=[octet-align=1] number=-1, default enablement: 0) added to the list of possible codecs.
2025-06-30 11:22:23:143 [AppRun.wrapped/liblinphone] MESSAGE Codec AMR-WB/16000 fmtp=[octet-align=1] number=-1, default enablement: 0) added to the list of possible codecs.
2025-06-30 11:22:23:143 [AppRun.wrapped/liblinphone] MESSAGE Codec G729/8000 fmtp=[annexb=yes] number=18, default enablement: 1) added to the list of possible codecs.
2025-06-30 11:22:23:143 [AppRun.wrapped/liblinphone] MESSAGE Codec mpeg4-generic/16000 fmtp=[config=F8EE2000; constantDuration=512; indexDeltaLength=3; indexLength=3; mode=AAC-hbr; profile-level-id=76; sizeLength=13; streamType=5] number=-1, default enablement: 0) added to the list of possible codecs.
2025-06-30 11:22:23:143 [AppRun.wrapped/liblinphone] MESSAGE Codec mpeg4-generic/22050 fmtp=[config=F8EE2000; constantDuration=512; indexDeltaLength=3; indexLength=3; mode=AAC-hbr; profile-level-id=76; sizeLength=13; streamType=5] number=-1, default enablement: 0) added to the list of possible codecs.
2025-06-30 11:22:23:143 [AppRun.wrapped/liblinphone] MESSAGE Codec mpeg4-generic/32000 fmtp=[config=F8E82000; constantDuration=512; indexDeltaLength=3; indexLength=3; mode=AAC-hbr; profile-level-id=76; sizeLength=13; streamType=5] number=-1, default enablement: 0) added to the list of possible codecs.
2025-06-30 11:22:23:143 [AppRun.wrapped/liblinphone] MESSAGE Codec mpeg4-generic/44100 fmtp=[config=F8E82000; constantDuration=512; indexDeltaLength=3; indexLength=3; mode=AAC-hbr; profile-level-id=76; sizeLength=13; streamType=5] number=-1, default enablement: 0) added to the list of possible codecs.
2025-06-30 11:22:23:143 [AppRun.wrapped/liblinphone] MESSAGE Codec mpeg4-generic/48000 fmtp=[config=F8EE2000; constantDuration=512; indexDeltaLength=3; indexLength=3; mode=AAC-hbr; profile-level-id=76; sizeLength=13; streamType=5] number=-1, default enablement: 0) added to the list of possible codecs.
2025-06-30 11:22:23:143 [AppRun.wrapped/liblinphone] MESSAGE Codec iSAC/16000 fmtp=[] number=-1, default enablement: 0) added to the list of possible codecs.
2025-06-30 11:22:23:143 [AppRun.wrapped/liblinphone] MESSAGE Codec speex/32000 fmtp=[vbr=on] number=-1, default enablement: 0) added to the list of possible codecs.
2025-06-30 11:22:23:143 [AppRun.wrapped/liblinphone] MESSAGE Codec SILK/8000 fmtp=[] number=-1, default enablement: 0) added to the list of possible codecs.
2025-06-30 11:22:23:143 [AppRun.wrapped/liblinphone] MESSAGE Codec SILK/12000 fmtp=[] number=-1, default enablement: 0) added to the list of possible codecs.
2025-06-30 11:22:23:143 [AppRun.wrapped/liblinphone] MESSAGE Codec SILK/24000 fmtp=[] number=-1, default enablement: 0) added to the list of possible codecs.
2025-06-30 11:22:23:143 [AppRun.wrapped/liblinphone] MESSAGE Codec G726-16/8000 fmtp=[] number=-1, default enablement: 0) added to the list of possible codecs.
2025-06-30 11:22:23:143 [AppRun.wrapped/liblinphone] MESSAGE Codec G726-24/8000 fmtp=[] number=-1, default enablement: 0) added to the list of possible codecs.
2025-06-30 11:22:23:143 [AppRun.wrapped/liblinphone] MESSAGE Codec G726-32/8000 fmtp=[] number=-1, default enablement: 0) added to the list of possible codecs.
2025-06-30 11:22:23:143 [AppRun.wrapped/liblinphone] MESSAGE Codec G726-40/8000 fmtp=[] number=-1, default enablement: 0) added to the list of possible codecs.
2025-06-30 11:22:23:143 [AppRun.wrapped/liblinphone] MESSAGE Codec AAL2-G726-16/8000 fmtp=[] number=-1, default enablement: 0) added to the list of possible codecs.
2025-06-30 11:22:23:143 [AppRun.wrapped/liblinphone] MESSAGE Codec AAL2-G726-24/8000 fmtp=[] number=-1, default enablement: 0) added to the list of possible codecs.
2025-06-30 11:22:23:143 [AppRun.wrapped/liblinphone] MESSAGE Codec AAL2-G726-32/8000 fmtp=[] number=-1, default enablement: 0) added to the list of possible codecs.
2025-06-30 11:22:23:143 [AppRun.wrapped/liblinphone] MESSAGE Codec AAL2-G726-40/8000 fmtp=[] number=-1, default enablement: 0) added to the list of possible codecs.
2025-06-30 11:22:23:143 [AppRun.wrapped/liblinphone] MESSAGE Codec CODEC2/8000 fmtp=[] number=-1, default enablement: 0) added to the list of possible codecs.
2025-06-30 11:22:23:143 [AppRun.wrapped/liblinphone] MESSAGE Codec BV16/8000 fmtp=[] number=-1, default enablement: 0) added to the list of possible codecs.
2025-06-30 11:22:23:143 [AppRun.wrapped/liblinphone] MESSAGE Codec AV1/90000 fmtp=[] number=-1, default enablement: 1) added to the list of possible codecs.
2025-06-30 11:22:23:143 [AppRun.wrapped/liblinphone] MESSAGE Codec VP8/90000 fmtp=[] number=-1, default enablement: 1) added to the list of possible codecs.
2025-06-30 11:22:23:143 [AppRun.wrapped/liblinphone] MESSAGE Codec H264/90000 fmtp=[profile-level-id=42801F] number=-1, default enablement: 1) added to the list of possible codecs.
2025-06-30 11:22:23:143 [AppRun.wrapped/liblinphone] MESSAGE Codec H265/90000 fmtp=[] number=-1, default enablement: 1) added to the list of possible codecs.
2025-06-30 11:22:23:143 [AppRun.wrapped/liblinphone] MESSAGE Codec MP4V-ES/90000 fmtp=[profile-level-id=3] number=-1, default enablement: 1) added to the list of possible codecs.
2025-06-30 11:22:23:143 [AppRun.wrapped/liblinphone] MESSAGE Codec H263-1998/90000 fmtp=[CIF=1;QCIF=1] number=-1, default enablement: 0) added to the list of possible codecs.
2025-06-30 11:22:23:143 [AppRun.wrapped/liblinphone] MESSAGE Codec H263/90000 fmtp=[] number=34, default enablement: 0) added to the list of possible codecs.
2025-06-30 11:22:23:143 [AppRun.wrapped/liblinphone] MESSAGE Codec 1016/8000 fmtp=[] number=1, default enablement: 0) added to the list of possible codecs.
2025-06-30 11:22:23:143 [AppRun.wrapped/liblinphone] MESSAGE Codec G723/8000 fmtp=[] number=4, default enablement: 0) added to the list of possible codecs.
2025-06-30 11:22:23:143 [AppRun.wrapped/liblinphone] MESSAGE Codec LPC/8000 fmtp=[] number=7, default enablement: 0) added to the list of possible codecs.
2025-06-30 11:22:23:143 [AppRun.wrapped/liblinphone] MESSAGE Codec L16/44100 fmtp=[] number=10, default enablement: 0) added to the list of possible codecs.
2025-06-30 11:22:23:143 [AppRun.wrapped/liblinphone] MESSAGE Codec L16/44100 fmtp=[] number=11, default enablement: 0) added to the list of possible codecs.
2025-06-30 11:22:23:143 [AppRun.wrapped/liblinphone] MESSAGE Codec CN/8000 fmtp=[] number=13, default enablement: 0) added to the list of possible codecs.
2025-06-30 11:22:23:143 [AppRun.wrapped/liblinphone] MESSAGE Codec H261/90000 fmtp=[] number=31, default enablement: 0) added to the list of possible codecs.
2025-06-30 11:22:23:143 [AppRun.wrapped/liblinphone] MESSAGE Codec MPV/90000 fmtp=[] number=32, default enablement: 0) added to the list of possible codecs.
2025-06-30 11:22:23:144 [AppRun.wrapped/liblinphone] MESSAGE [vCard] Creating parser using 4.0 grammar (RFC 6350/6358)
2025-06-30 11:22:23:149 [AppRun.wrapped/bctbx] MESSAGE [BelCard] Loading vCard 4.0 grammar
2025-06-30 11:22:23:157 [AppRun.wrapped/mediastreamer] MESSAGE Loading ms plugins from [/tmp/.mount_LinphonBXyfL/usr/lib/mediastreamer/plugins]
2025-06-30 11:22:23:158 [AppRun.wrapped/mediastreamer] MESSAGE Loading plugin /tmp/.mount_LinphonBXyfL/usr/lib/mediastreamer/plugins/libmsopenh264.so...
2025-06-30 11:22:23:159 [AppRun.wrapped/mediastreamer] WARNING Fail to load plugin /tmp/.mount_LinphonBXyfL/usr/lib/mediastreamer/plugins/libmsopenh264.so : libopenh264.so.6: cannot open shared object file: No such file or directory
2025-06-30 11:22:23:159 [AppRun.wrapped/mediastreamer] WARNING Could not locate init routine  of plugin libmsopenh264.so
2025-06-30 11:22:23:159 [AppRun.wrapped/mediastreamer] MESSAGE Loading plugin /tmp/.mount_LinphonBXyfL/usr/lib/mediastreamer/plugins/libmsqogl.so...
2025-06-30 11:22:23:159 [AppRun.wrapped/mediastreamer] MESSAGE libmsqogl debug plugin loaded
2025-06-30 11:22:23:159 [AppRun.wrapped/mediastreamer] MESSAGE Plugin loaded (libmsqogl.so)
2025-06-30 11:22:23:159 [AppRun.wrapped/mediastreamer] MESSAGE Loading plugin /tmp/.mount_LinphonBXyfL/usr/lib/mediastreamer/plugins/libmswebrtc.so...
2025-06-30 11:22:23:159 [AppRun.wrapped/bctbx] MESSAGE libmswebrtc 1.1.1 plugin loaded, iLBC codec version 1.1.1
2025-06-30 11:22:23:159 [AppRun.wrapped/mediastreamer] MESSAGE Plugin loaded (libmswebrtc.so)
2025-06-30 11:22:23:159 [AppRun.wrapped/liblinphone] MESSAGE linphone_core_set_playback_gain_db(): no active call.
2025-06-30 11:22:23:159 [AppRun.wrapped/liblinphone] MESSAGE linphone_core_enable_mic(): new state is [enabled], current state is [disabled]
2025-06-30 11:22:23:159 [AppRun.wrapped/liblinphone] MESSAGE linphone_core_set_mic_gain_db(): no active call.
2025-06-30 11:22:23:159 [AppRun.wrapped/liblinphone] MESSAGE Sal nat helper [enabled]
2025-06-30 11:22:23:159 [AppRun.wrapped/liblinphone] MESSAGE Sal use rports [enabled]
2025-06-30 11:22:23:159 [AppRun.wrapped/liblinphone] MESSAGE MTU is supposed to be 1300, rtp payload max size will be 1240
2025-06-30 11:22:23:161 [AppRun.wrapped/mediastreamer] MESSAGE Could not find encoder for SILK
2025-06-30 11:22:23:161 [AppRun.wrapped/mediastreamer] MESSAGE Could not find encoder for AMR
2025-06-30 11:22:23:161 [AppRun.wrapped/mediastreamer] MESSAGE Could not find encoder for AMR-WB
2025-06-30 11:22:23:161 [AppRun.wrapped/mediastreamer] MESSAGE Could not find encoder for mpeg4-generic
2025-06-30 11:22:23:161 [AppRun.wrapped/mediastreamer] MESSAGE Could not find encoder for mpeg4-generic
2025-06-30 11:22:23:161 [AppRun.wrapped/mediastreamer] MESSAGE Could not find encoder for mpeg4-generic
2025-06-30 11:22:23:161 [AppRun.wrapped/mediastreamer] MESSAGE Could not find encoder for mpeg4-generic
2025-06-30 11:22:23:161 [AppRun.wrapped/mediastreamer] MESSAGE Could not find encoder for mpeg4-generic
2025-06-30 11:22:23:161 [AppRun.wrapped/mediastreamer] MESSAGE Could not find encoder for iSAC
2025-06-30 11:22:23:161 [AppRun.wrapped/mediastreamer] MESSAGE Could not find encoder for SILK
2025-06-30 11:22:23:161 [AppRun.wrapped/mediastreamer] MESSAGE Could not find encoder for SILK
2025-06-30 11:22:23:161 [AppRun.wrapped/mediastreamer] MESSAGE Could not find encoder for SILK
2025-06-30 11:22:23:161 [AppRun.wrapped/mediastreamer] MESSAGE Could not find encoder for G726-16
2025-06-30 11:22:23:161 [AppRun.wrapped/mediastreamer] MESSAGE Could not find encoder for G726-24
2025-06-30 11:22:23:161 [AppRun.wrapped/mediastreamer] MESSAGE Could not find encoder for G726-32
2025-06-30 11:22:23:161 [AppRun.wrapped/mediastreamer] MESSAGE Could not find encoder for G726-40
2025-06-30 11:22:23:161 [AppRun.wrapped/mediastreamer] MESSAGE Could not find encoder for AAL2-G726-16
2025-06-30 11:22:23:161 [AppRun.wrapped/mediastreamer] MESSAGE Could not find encoder for AAL2-G726-24
2025-06-30 11:22:23:161 [AppRun.wrapped/mediastreamer] MESSAGE Could not find encoder for AAL2-G726-32
2025-06-30 11:22:23:161 [AppRun.wrapped/mediastreamer] MESSAGE Could not find encoder for AAL2-G726-40
2025-06-30 11:22:23:161 [AppRun.wrapped/mediastreamer] MESSAGE Could not find encoder for CODEC2
2025-06-30 11:22:23:161 [AppRun.wrapped/mediastreamer] MESSAGE Could not find encoder for 1016
2025-06-30 11:22:23:161 [AppRun.wrapped/mediastreamer] MESSAGE Could not find encoder for G723
2025-06-30 11:22:23:161 [AppRun.wrapped/mediastreamer] MESSAGE Could not find encoder for LPC
2025-06-30 11:22:23:161 [AppRun.wrapped/mediastreamer] MESSAGE Could not find encoder for CN
2025-06-30 11:22:23:161 [AppRun.wrapped/mediastreamer] MESSAGE Could not find encoder for H264
2025-06-30 11:22:23:161 [AppRun.wrapped/liblinphone] WARNING Codec H264/90000 read from conf is not supported by mediastreamer2, ignored.
2025-06-30 11:22:23:161 [AppRun.wrapped/mediastreamer] MESSAGE Could not find encoder for H264
2025-06-30 11:22:23:161 [AppRun.wrapped/mediastreamer] MESSAGE Could not find encoder for H265
2025-06-30 11:22:23:161 [AppRun.wrapped/mediastreamer] MESSAGE Could not find encoder for MP4V-ES
2025-06-30 11:22:23:161 [AppRun.wrapped/mediastreamer] MESSAGE Could not find encoder for H263-1998
2025-06-30 11:22:23:162 [AppRun.wrapped/mediastreamer] MESSAGE Could not find encoder for H263
2025-06-30 11:22:23:162 [AppRun.wrapped/mediastreamer] MESSAGE Could not find encoder for H261
2025-06-30 11:22:23:162 [AppRun.wrapped/mediastreamer] MESSAGE Could not find encoder for MPV
2025-06-30 11:22:23:162 [AppRun.wrapped/liblinphone] MESSAGE Supported codec red/1000 fmtp= automatically added to codec list.
2025-06-30 11:22:23:162 [AppRun.wrapped/liblinphone] MESSAGE Supported codec t140/1000 fmtp= automatically added to codec list.
2025-06-30 11:22:23:163 [AppRun.wrapped/liblinphone] MESSAGE Sorting video codec list, new list is:
2025-06-30 11:22:23:163 [AppRun.wrapped/liblinphone] MESSAGE AV1
2025-06-30 11:22:23:163 [AppRun.wrapped/liblinphone] MESSAGE VP8
2025-06-30 11:22:23:163 [AppRun.wrapped/liblinphone] MESSAGE Sal use rports [enabled]
2025-06-30 11:22:23:163 [AppRun.wrapped/belle-sip] MESSAGE belle_sip_stack_set_well_know_port() : set to [5060]
2025-06-30 11:22:23:163 [AppRun.wrapped/belle-sip] MESSAGE belle_sip_stack_set_well_know_port_tls() : set to [5061]
2025-06-30 11:22:23:164 [AppRun.wrapped/belle-sip] MESSAGE Root ca path set to /etc/ssl/certs
2025-06-30 11:22:23:166 [AppRun.wrapped/belle-sip] MESSAGE Root ca path set to /etc/ssl/certs
2025-06-30 11:22:23:166 [AppRun.wrapped/belle-sip] MESSAGE Root ca path set to /tmp/.mount_LinphonBXyfL/usr/share/linphone/rootca.pem
2025-06-30 11:22:23:179 [AppRun.wrapped/liblinphone] MESSAGE Account [0x7cd3a40b8860]  ("Luke" <sip:1010@192.168.1.254>) created with params
2025-06-30 11:22:23:179 [AppRun.wrapped/liblinphone] MESSAGE linphoneAccountIsServerConfigChanged : 0
2025-06-30 11:22:23:179 [AppRun.wrapped/liblinphone] MESSAGE Publish params have changed on Account [0x7cd3a40b8860]  ("Luke" <sip:1010@192.168.1.254>)
2025-06-30 11:22:23:179 [AppRun.wrapped/liblinphone] MESSAGE Invalidating friends maps for list [0x7cd3a40ab448]
2025-06-30 11:22:23:179 [AppRun.wrapped/liblinphone] ERROR Given algorithm is not correct. Set algorithm failed
2025-06-30 11:22:23:179 [AppRun.wrapped/liblinphone] ERROR Given algorithm is not correct. Add algorithm failed
2025-06-30 11:22:23:180 [AppRun.wrapped/liblinphone] MESSAGE Switching LinphoneCore [0x7cd3a40075b0] from state LinphoneGlobalOff to LinphoneGlobalReady
2025-06-30 11:22:23:180 [AppRun.wrapped/liblinphone] MESSAGE Core callbacks [0x7cd3a4003480] registered on core [0x7cd3a40075b0]
2025-06-30 11:22:23:183 [AppRun.wrapped/liblinphone] MESSAGE Sal::unlistenPorts(): done
2025-06-30 11:22:23:184 [AppRun.wrapped/belle-sip] MESSAGE Creating listening point [0x7cd3a40061f0] on [sip:[::0]:-2;transport=UDP]
2025-06-30 11:22:23:184 [AppRun.wrapped/belle-sip] MESSAGE Creating listening point [0x7cd3a415d620] on [sip:[::0]:-2;transport=TCP]
2025-06-30 11:22:23:184 [AppRun.wrapped/belle-sip] MESSAGE Creating listening point [0x7cd3a415d970] on [sip:[::0]:-2;transport=TLS]
2025-06-30 11:22:23:184 [AppRun.wrapped/belle-sip] MESSAGE Root ca path set to /etc/ssl/certs
2025-06-30 11:22:23:184 [AppRun.wrapped/belle-sip] MESSAGE Root ca path set to /etc/ssl/certs
2025-06-30 11:22:23:184 [AppRun.wrapped/belle-sip] MESSAGE Root ca path set to /tmp/.mount_LinphonBXyfL/usr/share/linphone/rootca.pem
2025-06-30 11:22:23:184 [AppRun.wrapped/belle-sip] MESSAGE belle_sip_stack_set_ip_version_preference(): AF_INET6
2025-06-30 11:22:23:184 [AppRun.wrapped/liblinphone] MESSAGE Switching LinphoneCore [0x7cd3a40075b0] from state LinphoneGlobalReady to LinphoneGlobalStartup
2025-06-30 11:22:23:184 [AppRun.wrapped/liblinphone] MESSAGE Loading linphone core plugins from ./lib/liblinphone/plugins
2025-06-30 11:22:23:184 [AppRun.wrapped/liblinphone] MESSAGE Cannot open directory ./lib/liblinphone/plugins: No such file or directory
2025-06-30 11:22:23:191 [AppRun.wrapped/liblinphone] MESSAGE [ToneManager] create ToneManager()
2025-06-30 11:22:23:198 [AppRun.wrapped/liblinphone] MESSAGE Using [/home/navaneet/.local/share/linphone//x3dh.c25519.sqlite3] as lime database path
2025-06-30 11:22:23:198 [AppRun.wrapped/liblinphone] MESSAGE [LIME] instanciate a LimeX3dhEncryption engine 0x7cd3a415de70 - default server is [] and default curve [c25519] DB path: /home/navaneet/.local/share/linphone//x3dh.c25519.sqlite3
2025-06-30 11:22:23:221 [AppRun.wrapped/liblinphone] MESSAGE Using ["/home/navaneet/.local/share/linphone//linphone.db"] as default database path
2025-06-30 11:22:23:221 [AppRun.wrapped/liblinphone] MESSAGE Opening linphone database "/home/navaneet/.local/share/linphone//linphone.db" with backend Sqlite3
2025-06-30 11:22:23:228 [AppRun.wrapped/liblinphone] MESSAGE Event table version is 1.0.31
2025-06-30 11:22:23:244 [AppRun.wrapped/liblinphone] MESSAGE Friends table version is 1.0.1
2025-06-30 11:22:23:256 [AppRun.wrapped/liblinphone] MESSAGE Beginning loadChatRoms
2025-06-30 11:22:23:256 [AppRun.wrapped/liblinphone] MESSAGE Start measurement of [Get chat rooms.].
2025-06-30 11:22:23:260 [AppRun.wrapped/liblinphone] MESSAGE Duration of [Get chat rooms.]: 3ms.
2025-06-30 11:22:23:260 [AppRun.wrapped/liblinphone] MESSAGE End loadChatRoms
2025-06-30 11:22:23:263 [AppRun.wrapped/liblinphone] MESSAGE Start measurement of [Get friend lists.].
2025-06-30 11:22:23:263 [AppRun.wrapped/liblinphone] WARNING Unable to get valid core instance.
2025-06-30 11:22:23:268 [AppRun.wrapped/liblinphone] WARNING Unable to get valid core instance.
2025-06-30 11:22:23:268 [AppRun.wrapped/liblinphone] WARNING Unable to get valid core instance.
2025-06-30 11:22:23:268 [AppRun.wrapped/liblinphone] WARNING Unable to get valid core instance.
2025-06-30 11:22:23:268 [AppRun.wrapped/liblinphone] WARNING Unable to get valid core instance.
2025-06-30 11:22:23:268 [AppRun.wrapped/liblinphone] WARNING Unable to get valid core instance.
2025-06-30 11:22:23:268 [AppRun.wrapped/liblinphone] WARNING Unable to get valid core instance.
2025-06-30 11:22:23:268 [AppRun.wrapped/liblinphone] WARNING Unable to get valid core instance.
2025-06-30 11:22:23:268 [AppRun.wrapped/liblinphone] MESSAGE Duration of [Get friend lists.]: 5ms.
2025-06-30 11:22:23:281 [AppRun.wrapped/liblinphone] MESSAGE Fetched [2] friend lists from DB
2025-06-30 11:22:23:281 [AppRun.wrapped/liblinphone] MESSAGE Using [/home/navaneet/.local/share/linphone//call-history.db] as legacy call history database path
2025-06-30 11:22:23:282 [AppRun.wrapped/liblinphone] WARNING nothing to migrate, skipping...
2025-06-30 11:22:23:282 [AppRun.wrapped/liblinphone] MESSAGE Using [/home/navaneet/.local/share/linphone//zrtp-secrets.db] as default zrtp secrets database path
2025-06-30 11:22:23:282 [AppRun.wrapped/liblinphone] MESSAGE Using [/home/navaneet/.local/share/linphone/friends.db] as legacy friends database path
2025-06-30 11:22:23:282 [AppRun.wrapped/liblinphone] MESSAGE Using [/home/navaneet/.local/share/linphone/friends.db] file for friends database
2025-06-30 11:22:23:282 [AppRun.wrapped/belle-sip] MESSAGE Root ca path set to /tmp/.mount_LinphonBXyfL/usr/share/linphone/rootca.pem
2025-06-30 11:22:23:282 [AppRun.wrapped/belle-sip] MESSAGE belle_sip_stack_force_name_addr(): forced=0
2025-06-30 11:22:23:283 [AppRun.wrapped/liblinphone] MESSAGE SIP network reachability state is now [UP]
2025-06-30 11:22:23:283 [AppRun.wrapped/liblinphone] MESSAGE Media network reachability state is now [UP]
2025-06-30 11:22:23:283 [AppRun.wrapped/liblinphone] MESSAGE Switching LinphoneCore [0x7cd3a40075b0] from state LinphoneGlobalStartup to LinphoneGlobalConfiguring
2025-06-30 11:22:23:283 [AppRun.wrapped/liblinphone] MESSAGE Linphone core [0x7cd3a40075b0] notified [global_state_changed]
2025-06-30 11:22:23:283 [AppRun.wrapped/liblinphone] MESSAGE Linphone core [0x7cd3a40075b0] notified [configuring_status]
2025-06-30 11:22:23:283 [AppRun.wrapped/belle-sip] MESSAGE Listening point [0x7cd3a40061f0] on [sip:[::0]:-2;transport=UDP] destroyed
2025-06-30 11:22:23:283 [AppRun.wrapped/belle-sip] MESSAGE Listening point [0x7cd3a415d620] on [sip:[::0]:-2;transport=TCP] destroyed
2025-06-30 11:22:23:283 [AppRun.wrapped/belle-sip] MESSAGE Listening point [0x7cd3a415d970] on [sip:[::0]:-2;transport=TLS] destroyed
2025-06-30 11:22:23:283 [AppRun.wrapped/liblinphone] MESSAGE Sal::unlistenPorts(): done
2025-06-30 11:22:23:283 [AppRun.wrapped/belle-sip] MESSAGE Creating listening point [0x7cd3a415ddf0] on [sip:[::0]:-2;transport=UDP]
2025-06-30 11:22:23:283 [AppRun.wrapped/belle-sip] MESSAGE Creating listening point [0x7cd3a415d620] on [sip:[::0]:-2;transport=TCP]
2025-06-30 11:22:23:283 [AppRun.wrapped/belle-sip] MESSAGE Creating listening point [0x7cd3a41cd270] on [sip:[::0]:-2;transport=TLS]
2025-06-30 11:22:23:283 [AppRun.wrapped/belle-sip] MESSAGE Root ca path set to /etc/ssl/certs
2025-06-30 11:22:23:283 [AppRun.wrapped/belle-sip] MESSAGE Root ca path set to /etc/ssl/certs
2025-06-30 11:22:23:283 [AppRun.wrapped/belle-sip] MESSAGE Root ca path set to /tmp/.mount_LinphonBXyfL/usr/share/linphone/rootca.pem
2025-06-30 11:22:23:283 [AppRun.wrapped/belle-sip] MESSAGE belle_sip_stack_set_ip_version_preference(): AF_INET6
2025-06-30 11:22:23:284 [AppRun.wrapped/liblinphone] MESSAGE Switching LinphoneCore [0x7cd3a40075b0] from state LinphoneGlobalConfiguring to LinphoneGlobalOn
2025-06-30 11:22:23:284 [AppRun.wrapped/liblinphone] MESSAGE Linphone core [0x7cd3a40075b0] notified [global_state_changed]
2025-06-30 11:22:23:284 [AppRun.wrapped/liblinphone] MESSAGE Updating friend list [0x7cd3a41c6568] subscriptions
2025-06-30 11:22:23:284 [AppRun.wrapped/liblinphone] MESSAGE Updating friend list [0x7cd3a41c6568](app_friends) subscriptions
2025-06-30 11:22:23:284 [AppRun.wrapped/liblinphone] MESSAGE Friend list [0x7cd3a41c6568] subscription update skipped since dependant proxy config is not yet registered
2025-06-30 11:22:23:284 [AppRun.wrapped/liblinphone] MESSAGE Updating friend list [0x7cd3a41cf728] subscriptions
2025-06-30 11:22:23:284 [AppRun.wrapped/liblinphone] MESSAGE Updating friend list [0x7cd3a41cf728](ldap_friends) subscriptions
2025-06-30 11:22:23:284 [AppRun.wrapped/liblinphone] MESSAGE Friend list [0x7cd3a41cf728] subscription update skipped since dependant proxy config is not yet registered
2025-06-30 11:22:23:284 [AppRun.wrapped/liblinphone] MESSAGE linphone_core_set_mic_gain_db(): no active call.
2025-06-30 11:22:23:284 [AppRun.wrapped/liblinphone] MESSAGE linphone_core_set_playback_gain_db(): no active call.
2025-06-30 11:22:23:293 [AppRun.wrapped/mediastreamer] MESSAGE Loading ms plugins from [/tmp/.mount_LinphonBXyfL/usr/lib/mediastreamer/plugins]
2025-06-30 11:22:23:294 [AppRun.wrapped/mediastreamer] MESSAGE Loading plugin /tmp/.mount_LinphonBXyfL/usr/lib/mediastreamer/plugins/libmsopenh264.so...
2025-06-30 11:22:23:295 [AppRun.wrapped/bctbx] MESSAGE msopenh264-1.2.1 plugin registered.
2025-06-30 11:22:23:295 [AppRun.wrapped/mediastreamer] MESSAGE Plugin loaded (libmsopenh264.so)
2025-06-30 11:22:23:295 [AppRun.wrapped/mediastreamer] MESSAGE Loading plugin /tmp/.mount_LinphonBXyfL/usr/lib/mediastreamer/plugins/libmsqogl.so...
2025-06-30 11:22:23:295 [AppRun.wrapped/mediastreamer] MESSAGE libmsqogl debug plugin loaded
2025-06-30 11:22:23:295 [AppRun.wrapped/mediastreamer] MESSAGE Plugin loaded (libmsqogl.so)
2025-06-30 11:22:23:295 [AppRun.wrapped/mediastreamer] MESSAGE Loading plugin /tmp/.mount_LinphonBXyfL/usr/lib/mediastreamer/plugins/libmswebrtc.so...
2025-06-30 11:22:23:295 [AppRun.wrapped/bctbx] MESSAGE libmswebrtc 1.1.1 plugin loaded, iLBC codec version 1.1.1
2025-06-30 11:22:23:295 [AppRun.wrapped/mediastreamer] MESSAGE Plugin loaded (libmswebrtc.so)
2025-06-30 11:22:23:295 [AppRun.wrapped/mediastreamer] MESSAGE Could not find encoder for SILK
2025-06-30 11:22:23:295 [AppRun.wrapped/mediastreamer] MESSAGE Could not find encoder for AMR
2025-06-30 11:22:23:295 [AppRun.wrapped/mediastreamer] MESSAGE Could not find encoder for AMR-WB
2025-06-30 11:22:23:295 [AppRun.wrapped/mediastreamer] MESSAGE Could not find encoder for mpeg4-generic
2025-06-30 11:22:23:295 [AppRun.wrapped/mediastreamer] MESSAGE Could not find encoder for mpeg4-generic
2025-06-30 11:22:23:295 [AppRun.wrapped/mediastreamer] MESSAGE Could not find encoder for mpeg4-generic
2025-06-30 11:22:23:295 [AppRun.wrapped/mediastreamer] MESSAGE Could not find encoder for mpeg4-generic
2025-06-30 11:22:23:295 [AppRun.wrapped/mediastreamer] MESSAGE Could not find encoder for mpeg4-generic
2025-06-30 11:22:23:295 [AppRun.wrapped/mediastreamer] MESSAGE Could not find encoder for iSAC
2025-06-30 11:22:23:295 [AppRun.wrapped/mediastreamer] MESSAGE Could not find encoder for SILK
2025-06-30 11:22:23:295 [AppRun.wrapped/mediastreamer] MESSAGE Could not find encoder for SILK
2025-06-30 11:22:23:295 [AppRun.wrapped/mediastreamer] MESSAGE Could not find encoder for SILK
2025-06-30 11:22:23:295 [AppRun.wrapped/mediastreamer] MESSAGE Could not find encoder for G726-16
2025-06-30 11:22:23:295 [AppRun.wrapped/mediastreamer] MESSAGE Could not find encoder for G726-24
2025-06-30 11:22:23:295 [AppRun.wrapped/mediastreamer] MESSAGE Could not find encoder for G726-32
2025-06-30 11:22:23:295 [AppRun.wrapped/mediastreamer] MESSAGE Could not find encoder for G726-40
2025-06-30 11:22:23:295 [AppRun.wrapped/mediastreamer] MESSAGE Could not find encoder for AAL2-G726-16
2025-06-30 11:22:23:295 [AppRun.wrapped/mediastreamer] MESSAGE Could not find encoder for AAL2-G726-24
2025-06-30 11:22:23:295 [AppRun.wrapped/mediastreamer] MESSAGE Could not find encoder for AAL2-G726-32
2025-06-30 11:22:23:295 [AppRun.wrapped/mediastreamer] MESSAGE Could not find encoder for AAL2-G726-40
2025-06-30 11:22:23:295 [AppRun.wrapped/mediastreamer] MESSAGE Could not find encoder for CODEC2
2025-06-30 11:22:23:295 [AppRun.wrapped/mediastreamer] MESSAGE Could not find encoder for 1016
2025-06-30 11:22:23:295 [AppRun.wrapped/mediastreamer] MESSAGE Could not find encoder for G723
2025-06-30 11:22:23:295 [AppRun.wrapped/mediastreamer] MESSAGE Could not find encoder for LPC
2025-06-30 11:22:23:295 [AppRun.wrapped/mediastreamer] MESSAGE Could not find encoder for CN
2025-06-30 11:22:23:295 [AppRun.wrapped/mediastreamer] MESSAGE Could not find encoder for H265
2025-06-30 11:22:23:295 [AppRun.wrapped/mediastreamer] MESSAGE Could not find encoder for MP4V-ES
2025-06-30 11:22:23:295 [AppRun.wrapped/mediastreamer] MESSAGE Could not find encoder for H263-1998
2025-06-30 11:22:23:295 [AppRun.wrapped/mediastreamer] MESSAGE Could not find encoder for H263
2025-06-30 11:22:23:295 [AppRun.wrapped/mediastreamer] MESSAGE Could not find encoder for H261
2025-06-30 11:22:23:295 [AppRun.wrapped/mediastreamer] MESSAGE Could not find encoder for MPV
2025-06-30 11:22:23:295 [AppRun.wrapped/liblinphone] MESSAGE Supported codec red/1000 fmtp= automatically added to codec list.
2025-06-30 11:22:23:295 [AppRun.wrapped/liblinphone] MESSAGE Supported codec t140/1000 fmtp= automatically added to codec list.
2025-06-30 11:22:23:295 [AppRun.wrapped/liblinphone] MESSAGE Sorting video codec list, new list is:
2025-06-30 11:22:23:295 [AppRun.wrapped/liblinphone] MESSAGE AV1
2025-06-30 11:22:23:295 [AppRun.wrapped/liblinphone] MESSAGE H264
2025-06-30 11:22:23:295 [AppRun.wrapped/liblinphone] MESSAGE VP8
2025-06-30 22:52:04:522 [AppRun.wrapped/liblinphone] MESSAGE Using (r/w) config information from /home/navaneet/.config/linphone/linphonerc
2025-06-30 22:52:04:524 [AppRun.wrapped/liblinphone] MESSAGE Reading config information from /tmp/.mount_LinphoUIoNJl/usr/share/linphone/linphonerc-factory
2025-06-30 22:52:04:572 [AppRun.wrapped/liblinphone] MESSAGE Initializing LinphoneCore 5.4.18
2025-06-30 22:52:04:583 [AppRun.wrapped/liblinphone] MESSAGE Sal nat helper [enabled]
2025-06-30 22:52:04:606 [AppRun.wrapped/mediastreamer] MESSAGE Mediastreamer2 factory 5.4.0 (git: unknown) initialized.
2025-06-30 22:52:04:606 [AppRun.wrapped/mediastreamer] MESSAGE CPU count set to 12
2025-06-30 22:52:04:606 [AppRun.wrapped/mediastreamer] MESSAGE ms_factory_init() done: platform_tags=linux,x86,desktop
2025-06-30 22:52:04:610 [AppRun.wrapped/mediastreamer] MESSAGE srtp init
2025-06-30 22:52:04:618 [AppRun.wrapped/mediastreamer] MESSAGE Registering all soundcard handlers
2025-06-30 22:52:04:623 [AppRun.wrapped/mediastreamer] MESSAGE New PulseAudio context state: PA_CONTEXT_CONNECTING
2025-06-30 22:52:04:625 [AppRun.wrapped/mediastreamer] MESSAGE New PulseAudio context state: PA_CONTEXT_AUTHORIZING
2025-06-30 22:52:04:626 [AppRun.wrapped/mediastreamer] MESSAGE New PulseAudio context state: PA_CONTEXT_SETTING_NAME
2025-06-30 22:52:04:631 [AppRun.wrapped/mediastreamer] MESSAGE New PulseAudio context state: PA_CONTEXT_READY
2025-06-30 22:52:04:632 [AppRun.wrapped/mediastreamer] MESSAGE Card 'PulseAudio: Built-in Audio Analog Stereo [Unknown]' added with capabilities [capture, playback]
2025-06-30 22:52:04:651 [AppRun.wrapped/mediastreamer] MESSAGE Card 'ALSA: default [Unknown]' added with capabilities [capture, playback]
2025-06-30 22:52:04:651 [AppRun.wrapped/mediastreamer] MESSAGE ALSA: found card with name [HDA Intel PCH], long name [HDA Intel PCH at 0x6001150000 irq 160].
2025-06-30 22:52:04:725 [AppRun.wrapped/mediastreamer] MESSAGE Card 'ALSA: HDA Intel PCH [Unknown]' added with capabilities [capture, playback]
2025-06-30 22:52:04:725 [AppRun.wrapped/mediastreamer] MESSAGE Registering all webcam handlers
2025-06-30 22:52:04:839 [AppRun.wrapped/mediastreamer] MESSAGE Webcam V4L2: /dev/video0 added
2025-06-30 22:52:04:840 [AppRun.wrapped/mediastreamer] MESSAGE [MSV4l2] Ignored /dev/video1, not a capture device.
2025-06-30 22:52:04:845 [AppRun.wrapped/mediastreamer] MESSAGE Webcam StaticImage: Static picture added
2025-06-30 22:52:04:845 [AppRun.wrapped/mediastreamer] MESSAGE ms_factory_init_voip() done
2025-06-30 22:52:04:845 [AppRun.wrapped/mediastreamer] MESSAGE Loading ms plugins from [/tmp/.mount_LinphoUIoNJl/usr/lib/mediastreamer/plugins]
2025-06-30 22:52:04:845 [AppRun.wrapped/mediastreamer] MESSAGE Loading plugin /tmp/.mount_LinphoUIoNJl/usr/lib/mediastreamer/plugins/libmsopenh264.so...
2025-06-30 22:52:04:851 [AppRun.wrapped/mediastreamer] WARNING Fail to load plugin /tmp/.mount_LinphoUIoNJl/usr/lib/mediastreamer/plugins/libmsopenh264.so : libopenh264.so.6: cannot open shared object file: No such file or directory
2025-06-30 22:52:04:851 [AppRun.wrapped/mediastreamer] WARNING Could not locate init routine  of plugin libmsopenh264.so
2025-06-30 22:52:04:851 [AppRun.wrapped/mediastreamer] MESSAGE Loading plugin /tmp/.mount_LinphoUIoNJl/usr/lib/mediastreamer/plugins/libmsqogl.so...
2025-06-30 22:52:04:855 [AppRun.wrapped/mediastreamer] MESSAGE libmsqogl debug plugin loaded
2025-06-30 22:52:04:855 [AppRun.wrapped/mediastreamer] MESSAGE Plugin loaded (libmsqogl.so)
2025-06-30 22:52:04:855 [AppRun.wrapped/mediastreamer] MESSAGE Loading plugin /tmp/.mount_LinphoUIoNJl/usr/lib/mediastreamer/plugins/libmswebrtc.so...
2025-06-30 22:52:04:868 [AppRun.wrapped/bctbx] MESSAGE libmswebrtc 1.1.1 plugin loaded, iLBC codec version 1.1.1
2025-06-30 22:52:04:868 [AppRun.wrapped/mediastreamer] MESSAGE Plugin loaded (libmswebrtc.so)
2025-06-30 22:52:04:868 [AppRun.wrapped/liblinphone] MESSAGE Core callbacks [0x72e420055250] registered on core [0x72e420007680]
2025-06-30 22:52:04:869 [AppRun.wrapped/ortp] MESSAGE oRTP-5.4.0 initialized with Atomic protection.
2025-06-30 22:52:04:870 [AppRun.wrapped/liblinphone] MESSAGE Codec opus/48000 fmtp=[useinbandfec=1] number=-1, default enablement: 1) added to the list of possible codecs.
2025-06-30 22:52:04:870 [AppRun.wrapped/liblinphone] MESSAGE Codec SILK/16000 fmtp=[] number=-1, default enablement: 1) added to the list of possible codecs.
2025-06-30 22:52:04:870 [AppRun.wrapped/liblinphone] MESSAGE Codec speex/16000 fmtp=[vbr=on] number=-1, default enablement: 1) added to the list of possible codecs.
2025-06-30 22:52:04:870 [AppRun.wrapped/liblinphone] MESSAGE Codec speex/8000 fmtp=[vbr=on] number=-1, default enablement: 1) added to the list of possible codecs.
2025-06-30 22:52:04:870 [AppRun.wrapped/liblinphone] MESSAGE Codec PCMU/8000 fmtp=[] number=0, default enablement: 1) added to the list of possible codecs.
2025-06-30 22:52:04:870 [AppRun.wrapped/liblinphone] MESSAGE Codec PCMA/8000 fmtp=[] number=8, default enablement: 1) added to the list of possible codecs.
2025-06-30 22:52:04:870 [AppRun.wrapped/liblinphone] MESSAGE Codec red/1000 fmtp=[] number=-1, default enablement: 1) added to the list of possible codecs.
2025-06-30 22:52:04:870 [AppRun.wrapped/liblinphone] MESSAGE Codec t140/1000 fmtp=[] number=-1, default enablement: 1) added to the list of possible codecs.
2025-06-30 22:52:04:870 [AppRun.wrapped/liblinphone] MESSAGE Codec GSM/8000 fmtp=[] number=3, default enablement: 0) added to the list of possible codecs.
2025-06-30 22:52:04:870 [AppRun.wrapped/liblinphone] MESSAGE Codec G722/8000 fmtp=[] number=9, default enablement: 0) added to the list of possible codecs.
2025-06-30 22:52:04:870 [AppRun.wrapped/liblinphone] MESSAGE Codec iLBC/8000 fmtp=[mode=30] number=-1, default enablement: 0) added to the list of possible codecs.
2025-06-30 22:52:04:870 [AppRun.wrapped/liblinphone] MESSAGE Codec AMR/8000 fmtp=[octet-align=1] number=-1, default enablement: 0) added to the list of possible codecs.
2025-06-30 22:52:04:870 [AppRun.wrapped/liblinphone] MESSAGE Codec AMR-WB/16000 fmtp=[octet-align=1] number=-1, default enablement: 0) added to the list of possible codecs.
2025-06-30 22:52:04:870 [AppRun.wrapped/liblinphone] MESSAGE Codec G729/8000 fmtp=[annexb=yes] number=18, default enablement: 1) added to the list of possible codecs.
2025-06-30 22:52:04:870 [AppRun.wrapped/liblinphone] MESSAGE Codec mpeg4-generic/16000 fmtp=[config=F8EE2000; constantDuration=512; indexDeltaLength=3; indexLength=3; mode=AAC-hbr; profile-level-id=76; sizeLength=13; streamType=5] number=-1, default enablement: 0) added to the list of possible codecs.
2025-06-30 22:52:04:870 [AppRun.wrapped/liblinphone] MESSAGE Codec mpeg4-generic/22050 fmtp=[config=F8EE2000; constantDuration=512; indexDeltaLength=3; indexLength=3; mode=AAC-hbr; profile-level-id=76; sizeLength=13; streamType=5] number=-1, default enablement: 0) added to the list of possible codecs.
2025-06-30 22:52:04:870 [AppRun.wrapped/liblinphone] MESSAGE Codec mpeg4-generic/32000 fmtp=[config=F8E82000; constantDuration=512; indexDeltaLength=3; indexLength=3; mode=AAC-hbr; profile-level-id=76; sizeLength=13; streamType=5] number=-1, default enablement: 0) added to the list of possible codecs.
2025-06-30 22:52:04:870 [AppRun.wrapped/liblinphone] MESSAGE Codec mpeg4-generic/44100 fmtp=[config=F8E82000; constantDuration=512; indexDeltaLength=3; indexLength=3; mode=AAC-hbr; profile-level-id=76; sizeLength=13; streamType=5] number=-1, default enablement: 0) added to the list of possible codecs.
2025-06-30 22:52:04:870 [AppRun.wrapped/liblinphone] MESSAGE Codec mpeg4-generic/48000 fmtp=[config=F8EE2000; constantDuration=512; indexDeltaLength=3; indexLength=3; mode=AAC-hbr; profile-level-id=76; sizeLength=13; streamType=5] number=-1, default enablement: 0) added to the list of possible codecs.
2025-06-30 22:52:04:870 [AppRun.wrapped/liblinphone] MESSAGE Codec iSAC/16000 fmtp=[] number=-1, default enablement: 0) added to the list of possible codecs.
2025-06-30 22:52:04:870 [AppRun.wrapped/liblinphone] MESSAGE Codec speex/32000 fmtp=[vbr=on] number=-1, default enablement: 0) added to the list of possible codecs.
2025-06-30 22:52:04:870 [AppRun.wrapped/liblinphone] MESSAGE Codec SILK/8000 fmtp=[] number=-1, default enablement: 0) added to the list of possible codecs.
2025-06-30 22:52:04:870 [AppRun.wrapped/liblinphone] MESSAGE Codec SILK/12000 fmtp=[] number=-1, default enablement: 0) added to the list of possible codecs.
2025-06-30 22:52:04:870 [AppRun.wrapped/liblinphone] MESSAGE Codec SILK/24000 fmtp=[] number=-1, default enablement: 0) added to the list of possible codecs.
2025-06-30 22:52:04:870 [AppRun.wrapped/liblinphone] MESSAGE Codec G726-16/8000 fmtp=[] number=-1, default enablement: 0) added to the list of possible codecs.
2025-06-30 22:52:04:870 [AppRun.wrapped/liblinphone] MESSAGE Codec G726-24/8000 fmtp=[] number=-1, default enablement: 0) added to the list of possible codecs.
2025-06-30 22:52:04:870 [AppRun.wrapped/liblinphone] MESSAGE Codec G726-32/8000 fmtp=[] number=-1, default enablement: 0) added to the list of possible codecs.
2025-06-30 22:52:04:870 [AppRun.wrapped/liblinphone] MESSAGE Codec G726-40/8000 fmtp=[] number=-1, default enablement: 0) added to the list of possible codecs.
2025-06-30 22:52:04:870 [AppRun.wrapped/liblinphone] MESSAGE Codec AAL2-G726-16/8000 fmtp=[] number=-1, default enablement: 0) added to the list of possible codecs.
2025-06-30 22:52:04:870 [AppRun.wrapped/liblinphone] MESSAGE Codec AAL2-G726-24/8000 fmtp=[] number=-1, default enablement: 0) added to the list of possible codecs.
2025-06-30 22:52:04:870 [AppRun.wrapped/liblinphone] MESSAGE Codec AAL2-G726-32/8000 fmtp=[] number=-1, default enablement: 0) added to the list of possible codecs.
2025-06-30 22:52:04:870 [AppRun.wrapped/liblinphone] MESSAGE Codec AAL2-G726-40/8000 fmtp=[] number=-1, default enablement: 0) added to the list of possible codecs.
2025-06-30 22:52:04:870 [AppRun.wrapped/liblinphone] MESSAGE Codec CODEC2/8000 fmtp=[] number=-1, default enablement: 0) added to the list of possible codecs.
2025-06-30 22:52:04:870 [AppRun.wrapped/liblinphone] MESSAGE Codec BV16/8000 fmtp=[] number=-1, default enablement: 0) added to the list of possible codecs.
2025-06-30 22:52:04:870 [AppRun.wrapped/liblinphone] MESSAGE Codec AV1/90000 fmtp=[] number=-1, default enablement: 1) added to the list of possible codecs.
2025-06-30 22:52:04:870 [AppRun.wrapped/liblinphone] MESSAGE Codec VP8/90000 fmtp=[] number=-1, default enablement: 1) added to the list of possible codecs.
2025-06-30 22:52:04:870 [AppRun.wrapped/liblinphone] MESSAGE Codec H264/90000 fmtp=[profile-level-id=42801F] number=-1, default enablement: 1) added to the list of possible codecs.
2025-06-30 22:52:04:870 [AppRun.wrapped/liblinphone] MESSAGE Codec H265/90000 fmtp=[] number=-1, default enablement: 1) added to the list of possible codecs.
2025-06-30 22:52:04:870 [AppRun.wrapped/liblinphone] MESSAGE Codec MP4V-ES/90000 fmtp=[profile-level-id=3] number=-1, default enablement: 1) added to the list of possible codecs.
2025-06-30 22:52:04:870 [AppRun.wrapped/liblinphone] MESSAGE Codec H263-1998/90000 fmtp=[CIF=1;QCIF=1] number=-1, default enablement: 0) added to the list of possible codecs.
2025-06-30 22:52:04:870 [AppRun.wrapped/liblinphone] MESSAGE Codec H263/90000 fmtp=[] number=34, default enablement: 0) added to the list of possible codecs.
2025-06-30 22:52:04:870 [AppRun.wrapped/liblinphone] MESSAGE Codec 1016/8000 fmtp=[] number=1, default enablement: 0) added to the list of possible codecs.
2025-06-30 22:52:04:870 [AppRun.wrapped/liblinphone] MESSAGE Codec G723/8000 fmtp=[] number=4, default enablement: 0) added to the list of possible codecs.
2025-06-30 22:52:04:870 [AppRun.wrapped/liblinphone] MESSAGE Codec LPC/8000 fmtp=[] number=7, default enablement: 0) added to the list of possible codecs.
2025-06-30 22:52:04:870 [AppRun.wrapped/liblinphone] MESSAGE Codec L16/44100 fmtp=[] number=10, default enablement: 0) added to the list of possible codecs.
2025-06-30 22:52:04:870 [AppRun.wrapped/liblinphone] MESSAGE Codec L16/44100 fmtp=[] number=11, default enablement: 0) added to the list of possible codecs.
2025-06-30 22:52:04:870 [AppRun.wrapped/liblinphone] MESSAGE Codec CN/8000 fmtp=[] number=13, default enablement: 0) added to the list of possible codecs.
2025-06-30 22:52:04:870 [AppRun.wrapped/liblinphone] MESSAGE Codec H261/90000 fmtp=[] number=31, default enablement: 0) added to the list of possible codecs.
2025-06-30 22:52:04:870 [AppRun.wrapped/liblinphone] MESSAGE Codec MPV/90000 fmtp=[] number=32, default enablement: 0) added to the list of possible codecs.
2025-06-30 22:52:04:872 [AppRun.wrapped/liblinphone] MESSAGE [vCard] Creating parser using 4.0 grammar (RFC 6350/6358)
2025-06-30 22:52:04:878 [AppRun.wrapped/bctbx] MESSAGE [BelCard] Loading vCard 4.0 grammar
2025-06-30 22:52:04:886 [AppRun.wrapped/mediastreamer] MESSAGE Loading ms plugins from [/tmp/.mount_LinphoUIoNJl/usr/lib/mediastreamer/plugins]
2025-06-30 22:52:04:888 [AppRun.wrapped/mediastreamer] MESSAGE Loading plugin /tmp/.mount_LinphoUIoNJl/usr/lib/mediastreamer/plugins/libmsopenh264.so...
2025-06-30 22:52:04:888 [AppRun.wrapped/mediastreamer] WARNING Fail to load plugin /tmp/.mount_LinphoUIoNJl/usr/lib/mediastreamer/plugins/libmsopenh264.so : libopenh264.so.6: cannot open shared object file: No such file or directory
2025-06-30 22:52:04:888 [AppRun.wrapped/mediastreamer] WARNING Could not locate init routine  of plugin libmsopenh264.so
2025-06-30 22:52:04:888 [AppRun.wrapped/mediastreamer] MESSAGE Loading plugin /tmp/.mount_LinphoUIoNJl/usr/lib/mediastreamer/plugins/libmsqogl.so...
2025-06-30 22:52:04:888 [AppRun.wrapped/mediastreamer] MESSAGE libmsqogl debug plugin loaded
2025-06-30 22:52:04:888 [AppRun.wrapped/mediastreamer] MESSAGE Plugin loaded (libmsqogl.so)
2025-06-30 22:52:04:888 [AppRun.wrapped/mediastreamer] MESSAGE Loading plugin /tmp/.mount_LinphoUIoNJl/usr/lib/mediastreamer/plugins/libmswebrtc.so...
2025-06-30 22:52:04:888 [AppRun.wrapped/bctbx] MESSAGE libmswebrtc 1.1.1 plugin loaded, iLBC codec version 1.1.1
2025-06-30 22:52:04:888 [AppRun.wrapped/mediastreamer] MESSAGE Plugin loaded (libmswebrtc.so)
2025-06-30 22:52:04:888 [AppRun.wrapped/liblinphone] MESSAGE linphone_core_set_playback_gain_db(): no active call.
2025-06-30 22:52:04:888 [AppRun.wrapped/liblinphone] MESSAGE linphone_core_enable_mic(): new state is [enabled], current state is [disabled]
2025-06-30 22:52:04:888 [AppRun.wrapped/liblinphone] MESSAGE linphone_core_set_mic_gain_db(): no active call.
2025-06-30 22:52:04:889 [AppRun.wrapped/liblinphone] MESSAGE Sal nat helper [enabled]
2025-06-30 22:52:04:889 [AppRun.wrapped/liblinphone] MESSAGE Sal use rports [enabled]
2025-06-30 22:52:04:889 [AppRun.wrapped/liblinphone] MESSAGE MTU is supposed to be 1300, rtp payload max size will be 1240
2025-06-30 22:52:04:890 [AppRun.wrapped/mediastreamer] MESSAGE Could not find encoder for SILK
2025-06-30 22:52:04:890 [AppRun.wrapped/mediastreamer] MESSAGE Could not find encoder for AMR
2025-06-30 22:52:04:890 [AppRun.wrapped/mediastreamer] MESSAGE Could not find encoder for AMR-WB
2025-06-30 22:52:04:890 [AppRun.wrapped/mediastreamer] MESSAGE Could not find encoder for mpeg4-generic
2025-06-30 22:52:04:890 [AppRun.wrapped/mediastreamer] MESSAGE Could not find encoder for mpeg4-generic
2025-06-30 22:52:04:890 [AppRun.wrapped/mediastreamer] MESSAGE Could not find encoder for mpeg4-generic
2025-06-30 22:52:04:891 [AppRun.wrapped/mediastreamer] MESSAGE Could not find encoder for mpeg4-generic
2025-06-30 22:52:04:891 [AppRun.wrapped/mediastreamer] MESSAGE Could not find encoder for mpeg4-generic
2025-06-30 22:52:04:891 [AppRun.wrapped/mediastreamer] MESSAGE Could not find encoder for iSAC
2025-06-30 22:52:04:891 [AppRun.wrapped/mediastreamer] MESSAGE Could not find encoder for SILK
2025-06-30 22:52:04:891 [AppRun.wrapped/mediastreamer] MESSAGE Could not find encoder for SILK
2025-06-30 22:52:04:891 [AppRun.wrapped/mediastreamer] MESSAGE Could not find encoder for SILK
2025-06-30 22:52:04:891 [AppRun.wrapped/mediastreamer] MESSAGE Could not find encoder for G726-16
2025-06-30 22:52:04:891 [AppRun.wrapped/mediastreamer] MESSAGE Could not find encoder for G726-24
2025-06-30 22:52:04:891 [AppRun.wrapped/mediastreamer] MESSAGE Could not find encoder for G726-32
2025-06-30 22:52:04:891 [AppRun.wrapped/mediastreamer] MESSAGE Could not find encoder for G726-40
2025-06-30 22:52:04:891 [AppRun.wrapped/mediastreamer] MESSAGE Could not find encoder for AAL2-G726-16
2025-06-30 22:52:04:891 [AppRun.wrapped/mediastreamer] MESSAGE Could not find encoder for AAL2-G726-24
2025-06-30 22:52:04:891 [AppRun.wrapped/mediastreamer] MESSAGE Could not find encoder for AAL2-G726-32
2025-06-30 22:52:04:891 [AppRun.wrapped/mediastreamer] MESSAGE Could not find encoder for AAL2-G726-40
2025-06-30 22:52:04:891 [AppRun.wrapped/mediastreamer] MESSAGE Could not find encoder for CODEC2
2025-06-30 22:52:04:891 [AppRun.wrapped/mediastreamer] MESSAGE Could not find encoder for 1016
2025-06-30 22:52:04:891 [AppRun.wrapped/mediastreamer] MESSAGE Could not find encoder for G723
2025-06-30 22:52:04:891 [AppRun.wrapped/mediastreamer] MESSAGE Could not find encoder for LPC
2025-06-30 22:52:04:891 [AppRun.wrapped/mediastreamer] MESSAGE Could not find encoder for CN
2025-06-30 22:52:04:891 [AppRun.wrapped/mediastreamer] MESSAGE Could not find encoder for H264
2025-06-30 22:52:04:891 [AppRun.wrapped/liblinphone] WARNING Codec H264/90000 read from conf is not supported by mediastreamer2, ignored.
2025-06-30 22:52:04:891 [AppRun.wrapped/mediastreamer] MESSAGE Could not find encoder for H264
2025-06-30 22:52:04:891 [AppRun.wrapped/mediastreamer] MESSAGE Could not find encoder for H265
2025-06-30 22:52:04:891 [AppRun.wrapped/mediastreamer] MESSAGE Could not find encoder for MP4V-ES
2025-06-30 22:52:04:891 [AppRun.wrapped/mediastreamer] MESSAGE Could not find encoder for H263-1998
2025-06-30 22:52:04:891 [AppRun.wrapped/mediastreamer] MESSAGE Could not find encoder for H263
2025-06-30 22:52:04:891 [AppRun.wrapped/mediastreamer] MESSAGE Could not find encoder for H261
2025-06-30 22:52:04:891 [AppRun.wrapped/mediastreamer] MESSAGE Could not find encoder for MPV
2025-06-30 22:52:04:891 [AppRun.wrapped/liblinphone] MESSAGE Supported codec red/1000 fmtp= automatically added to codec list.
2025-06-30 22:52:04:891 [AppRun.wrapped/liblinphone] MESSAGE Supported codec t140/1000 fmtp= automatically added to codec list.
2025-06-30 22:52:04:893 [AppRun.wrapped/liblinphone] MESSAGE Sorting video codec list, new list is:
2025-06-30 22:52:04:893 [AppRun.wrapped/liblinphone] MESSAGE AV1
2025-06-30 22:52:04:893 [AppRun.wrapped/liblinphone] MESSAGE VP8
2025-06-30 22:52:04:893 [AppRun.wrapped/liblinphone] MESSAGE Sal use rports [enabled]
2025-06-30 22:52:04:893 [AppRun.wrapped/belle-sip] MESSAGE belle_sip_stack_set_well_know_port() : set to [5060]
2025-06-30 22:52:04:893 [AppRun.wrapped/belle-sip] MESSAGE belle_sip_stack_set_well_know_port_tls() : set to [5061]
2025-06-30 22:52:04:893 [AppRun.wrapped/belle-sip] MESSAGE Root ca path set to /etc/ssl/certs
2025-06-30 22:52:04:895 [AppRun.wrapped/belle-sip] MESSAGE Root ca path set to /etc/ssl/certs
2025-06-30 22:52:04:895 [AppRun.wrapped/belle-sip] MESSAGE Root ca path set to /tmp/.mount_LinphoUIoNJl/usr/share/linphone/rootca.pem
2025-06-30 22:52:04:908 [AppRun.wrapped/liblinphone] MESSAGE Account [0x72e4200b85d0]  ("Navaneet R Rao" <sip:1111@192.168.1.254>) created with params
2025-06-30 22:52:04:908 [AppRun.wrapped/liblinphone] MESSAGE linphoneAccountIsServerConfigChanged : 0
2025-06-30 22:52:04:908 [AppRun.wrapped/liblinphone] MESSAGE Publish params have changed on Account [0x72e4200b85d0]  ("Navaneet R Rao" <sip:1111@192.168.1.254>)
2025-06-30 22:52:04:908 [AppRun.wrapped/liblinphone] MESSAGE Invalidating friends maps for list [0x72e42009a618]
2025-06-30 22:52:04:908 [AppRun.wrapped/liblinphone] ERROR Given algorithm is not correct. Set algorithm failed
2025-06-30 22:52:04:908 [AppRun.wrapped/liblinphone] ERROR Given algorithm is not correct. Add algorithm failed
2025-06-30 22:52:04:909 [AppRun.wrapped/liblinphone] MESSAGE Switching LinphoneCore [0x72e420007680] from state LinphoneGlobalOff to LinphoneGlobalReady
2025-06-30 22:52:04:909 [AppRun.wrapped/liblinphone] MESSAGE Core callbacks [0x5ce79335ba20] registered on core [0x72e420007680]
2025-06-30 22:52:04:913 [AppRun.wrapped/liblinphone] MESSAGE Sal::unlistenPorts(): done
2025-06-30 22:52:04:913 [AppRun.wrapped/belle-sip] MESSAGE Creating listening point [0x72e4200062c0] on [sip:[::0]:-2;transport=UDP]
2025-06-30 22:52:04:913 [AppRun.wrapped/belle-sip] MESSAGE Creating listening point [0x72e42015d0e0] on [sip:[::0]:-2;transport=TCP]
2025-06-30 22:52:04:913 [AppRun.wrapped/belle-sip] MESSAGE Creating listening point [0x72e42015d430] on [sip:[::0]:-2;transport=TLS]
2025-06-30 22:52:04:913 [AppRun.wrapped/belle-sip] MESSAGE Root ca path set to /etc/ssl/certs
2025-06-30 22:52:04:913 [AppRun.wrapped/belle-sip] MESSAGE Root ca path set to /etc/ssl/certs
2025-06-30 22:52:04:913 [AppRun.wrapped/belle-sip] MESSAGE Root ca path set to /tmp/.mount_LinphoUIoNJl/usr/share/linphone/rootca.pem
2025-06-30 22:52:04:913 [AppRun.wrapped/belle-sip] MESSAGE belle_sip_stack_set_ip_version_preference(): AF_INET6
2025-06-30 22:52:04:913 [AppRun.wrapped/liblinphone] MESSAGE Switching LinphoneCore [0x72e420007680] from state LinphoneGlobalReady to LinphoneGlobalStartup
2025-06-30 22:52:04:913 [AppRun.wrapped/liblinphone] MESSAGE Loading linphone core plugins from ./lib/liblinphone/plugins
2025-06-30 22:52:04:913 [AppRun.wrapped/liblinphone] MESSAGE Cannot open directory ./lib/liblinphone/plugins: No such file or directory
2025-06-30 22:52:04:920 [AppRun.wrapped/liblinphone] MESSAGE [ToneManager] create ToneManager()
2025-06-30 22:52:04:927 [AppRun.wrapped/liblinphone] MESSAGE Using [/home/navaneet/.local/share/linphone//x3dh.c25519.sqlite3] as lime database path
2025-06-30 22:52:04:927 [AppRun.wrapped/liblinphone] MESSAGE [LIME] instanciate a LimeX3dhEncryption engine 0x72e42015d970 - default server is [] and default curve [c25519] DB path: /home/navaneet/.local/share/linphone//x3dh.c25519.sqlite3
2025-06-30 22:52:04:949 [AppRun.wrapped/liblinphone] MESSAGE Using ["/home/navaneet/.local/share/linphone//linphone.db"] as default database path
2025-06-30 22:52:04:949 [AppRun.wrapped/liblinphone] MESSAGE Opening linphone database "/home/navaneet/.local/share/linphone//linphone.db" with backend Sqlite3
2025-06-30 22:52:04:956 [AppRun.wrapped/liblinphone] MESSAGE Event table version is 1.0.31
2025-06-30 22:52:04:972 [AppRun.wrapped/liblinphone] MESSAGE Friends table version is 1.0.1
2025-06-30 22:52:04:985 [AppRun.wrapped/liblinphone] MESSAGE Beginning loadChatRoms
2025-06-30 22:52:04:986 [AppRun.wrapped/liblinphone] MESSAGE Start measurement of [Get chat rooms.].
2025-06-30 22:52:04:990 [AppRun.wrapped/liblinphone] MESSAGE Duration of [Get chat rooms.]: 4ms.
2025-06-30 22:52:04:990 [AppRun.wrapped/liblinphone] MESSAGE End loadChatRoms
2025-06-30 22:52:04:992 [AppRun.wrapped/liblinphone] MESSAGE Start measurement of [Get friend lists.].
2025-06-30 22:52:04:992 [AppRun.wrapped/liblinphone] WARNING Unable to get valid core instance.
2025-06-30 22:52:04:997 [AppRun.wrapped/liblinphone] WARNING Unable to get valid core instance.
2025-06-30 22:52:04:998 [AppRun.wrapped/liblinphone] WARNING Unable to get valid core instance.
2025-06-30 22:52:04:998 [AppRun.wrapped/liblinphone] WARNING Unable to get valid core instance.
2025-06-30 22:52:04:998 [AppRun.wrapped/liblinphone] WARNING Unable to get valid core instance.
2025-06-30 22:52:04:998 [AppRun.wrapped/liblinphone] WARNING Unable to get valid core instance.
2025-06-30 22:52:04:998 [AppRun.wrapped/liblinphone] WARNING Unable to get valid core instance.
2025-06-30 22:52:04:998 [AppRun.wrapped/liblinphone] WARNING Unable to get valid core instance.
2025-06-30 22:52:04:998 [AppRun.wrapped/liblinphone] MESSAGE Duration of [Get friend lists.]: 5ms.
2025-06-30 22:52:05:012 [AppRun.wrapped/liblinphone] MESSAGE Fetched [2] friend lists from DB
2025-06-30 22:52:05:012 [AppRun.wrapped/liblinphone] MESSAGE Using [/home/navaneet/.local/share/linphone//call-history.db] as legacy call history database path
2025-06-30 22:52:05:012 [AppRun.wrapped/liblinphone] WARNING nothing to migrate, skipping...
2025-06-30 22:52:05:013 [AppRun.wrapped/liblinphone] MESSAGE Using [/home/navaneet/.local/share/linphone//zrtp-secrets.db] as default zrtp secrets database path
2025-06-30 22:52:05:013 [AppRun.wrapped/liblinphone] MESSAGE Using [/home/navaneet/.local/share/linphone/friends.db] as legacy friends database path
2025-06-30 22:52:05:013 [AppRun.wrapped/liblinphone] MESSAGE Using [/home/navaneet/.local/share/linphone/friends.db] file for friends database
2025-06-30 22:52:05:013 [AppRun.wrapped/belle-sip] MESSAGE Root ca path set to /tmp/.mount_LinphoUIoNJl/usr/share/linphone/rootca.pem
2025-06-30 22:52:05:014 [AppRun.wrapped/belle-sip] MESSAGE belle_sip_stack_force_name_addr(): forced=0
2025-06-30 22:52:05:014 [AppRun.wrapped/liblinphone] MESSAGE SIP network reachability state is now [UP]
2025-06-30 22:52:05:014 [AppRun.wrapped/liblinphone] MESSAGE Media network reachability state is now [UP]
2025-06-30 22:52:05:014 [AppRun.wrapped/liblinphone] MESSAGE Switching LinphoneCore [0x72e420007680] from state LinphoneGlobalStartup to LinphoneGlobalConfiguring
2025-06-30 22:52:05:014 [AppRun.wrapped/liblinphone] MESSAGE Linphone core [0x72e420007680] notified [global_state_changed]
2025-06-30 22:52:05:014 [AppRun.wrapped/liblinphone] MESSAGE Linphone core [0x72e420007680] notified [configuring_status]
2025-06-30 22:52:05:014 [AppRun.wrapped/belle-sip] MESSAGE Listening point [0x72e4200062c0] on [sip:[::0]:-2;transport=UDP] destroyed
2025-06-30 22:52:05:014 [AppRun.wrapped/belle-sip] MESSAGE Listening point [0x72e42015d0e0] on [sip:[::0]:-2;transport=TCP] destroyed
2025-06-30 22:52:05:014 [AppRun.wrapped/belle-sip] MESSAGE Listening point [0x72e42015d430] on [sip:[::0]:-2;transport=TLS] destroyed
2025-06-30 22:52:05:014 [AppRun.wrapped/liblinphone] MESSAGE Sal::unlistenPorts(): done
2025-06-30 22:52:05:014 [AppRun.wrapped/belle-sip] MESSAGE Creating listening point [0x72e42015d8b0] on [sip:[::0]:-2;transport=UDP]
2025-06-30 22:52:05:014 [AppRun.wrapped/belle-sip] MESSAGE Creating listening point [0x72e42015d0e0] on [sip:[::0]:-2;transport=TCP]
2025-06-30 22:52:05:014 [AppRun.wrapped/belle-sip] MESSAGE Creating listening point [0x72e4201c5e70] on [sip:[::0]:-2;transport=TLS]
2025-06-30 22:52:05:014 [AppRun.wrapped/belle-sip] MESSAGE Root ca path set to /etc/ssl/certs
2025-06-30 22:52:05:014 [AppRun.wrapped/belle-sip] MESSAGE Root ca path set to /etc/ssl/certs
2025-06-30 22:52:05:014 [AppRun.wrapped/belle-sip] MESSAGE Root ca path set to /tmp/.mount_LinphoUIoNJl/usr/share/linphone/rootca.pem
2025-06-30 22:52:05:014 [AppRun.wrapped/belle-sip] MESSAGE belle_sip_stack_set_ip_version_preference(): AF_INET6
2025-06-30 22:52:05:015 [AppRun.wrapped/liblinphone] MESSAGE Switching LinphoneCore [0x72e420007680] from state LinphoneGlobalConfiguring to LinphoneGlobalOn
2025-06-30 22:52:05:015 [AppRun.wrapped/liblinphone] MESSAGE Linphone core [0x72e420007680] notified [global_state_changed]
2025-06-30 22:52:05:015 [AppRun.wrapped/liblinphone] MESSAGE Updating friend list [0x72e4201d1098] subscriptions
2025-06-30 22:52:05:015 [AppRun.wrapped/liblinphone] MESSAGE Updating friend list [0x72e4201d1098](app_friends) subscriptions
2025-06-30 22:52:05:016 [AppRun.wrapped/liblinphone] MESSAGE Friend list [0x72e4201d1098] subscription update skipped since dependant proxy config is not yet registered
2025-06-30 22:52:05:016 [AppRun.wrapped/liblinphone] MESSAGE Updating friend list [0x72e4201c6058] subscriptions
2025-06-30 22:52:05:016 [AppRun.wrapped/liblinphone] MESSAGE Updating friend list [0x72e4201c6058](ldap_friends) subscriptions
2025-06-30 22:52:05:016 [AppRun.wrapped/liblinphone] MESSAGE Friend list [0x72e4201c6058] subscription update skipped since dependant proxy config is not yet registered
2025-06-30 22:52:05:016 [AppRun.wrapped/liblinphone] MESSAGE linphone_core_set_mic_gain_db(): no active call.
2025-06-30 22:52:05:016 [AppRun.wrapped/liblinphone] MESSAGE linphone_core_set_playback_gain_db(): no active call.
2025-06-30 22:52:05:026 [AppRun.wrapped/mediastreamer] MESSAGE Loading ms plugins from [/tmp/.mount_LinphoUIoNJl/usr/lib/mediastreamer/plugins]
2025-06-30 22:52:05:026 [AppRun.wrapped/mediastreamer] MESSAGE Loading plugin /tmp/.mount_LinphoUIoNJl/usr/lib/mediastreamer/plugins/libmsopenh264.so...
2025-06-30 22:52:05:027 [AppRun.wrapped/bctbx] MESSAGE msopenh264-1.2.1 plugin registered.
2025-06-30 22:52:05:027 [AppRun.wrapped/mediastreamer] MESSAGE Plugin loaded (libmsopenh264.so)
2025-06-30 22:52:05:027 [AppRun.wrapped/mediastreamer] MESSAGE Loading plugin /tmp/.mount_LinphoUIoNJl/usr/lib/mediastreamer/plugins/libmsqogl.so...
2025-06-30 22:52:05:027 [AppRun.wrapped/mediastreamer] MESSAGE libmsqogl debug plugin loaded
2025-06-30 22:52:05:027 [AppRun.wrapped/mediastreamer] MESSAGE Plugin loaded (libmsqogl.so)
2025-06-30 22:52:05:028 [AppRun.wrapped/mediastreamer] MESSAGE Loading plugin /tmp/.mount_LinphoUIoNJl/usr/lib/mediastreamer/plugins/libmswebrtc.so...
2025-06-30 22:52:05:028 [AppRun.wrapped/bctbx] MESSAGE libmswebrtc 1.1.1 plugin loaded, iLBC codec version 1.1.1
2025-06-30 22:52:05:028 [AppRun.wrapped/mediastreamer] MESSAGE Plugin loaded (libmswebrtc.so)
2025-06-30 22:52:05:028 [AppRun.wrapped/mediastreamer] MESSAGE Could not find encoder for SILK
2025-06-30 22:52:05:028 [AppRun.wrapped/mediastreamer] MESSAGE Could not find encoder for AMR
2025-06-30 22:52:05:028 [AppRun.wrapped/mediastreamer] MESSAGE Could not find encoder for AMR-WB
2025-06-30 22:52:05:028 [AppRun.wrapped/mediastreamer] MESSAGE Could not find encoder for mpeg4-generic
2025-06-30 22:52:05:028 [AppRun.wrapped/mediastreamer] MESSAGE Could not find encoder for mpeg4-generic
2025-06-30 22:52:05:028 [AppRun.wrapped/mediastreamer] MESSAGE Could not find encoder for mpeg4-generic
2025-06-30 22:52:05:028 [AppRun.wrapped/mediastreamer] MESSAGE Could not find encoder for mpeg4-generic
2025-06-30 22:52:05:028 [AppRun.wrapped/mediastreamer] MESSAGE Could not find encoder for mpeg4-generic
2025-06-30 22:52:05:028 [AppRun.wrapped/mediastreamer] MESSAGE Could not find encoder for iSAC
2025-06-30 22:52:05:028 [AppRun.wrapped/mediastreamer] MESSAGE Could not find encoder for SILK
2025-06-30 22:52:05:028 [AppRun.wrapped/mediastreamer] MESSAGE Could not find encoder for SILK
2025-06-30 22:52:05:028 [AppRun.wrapped/mediastreamer] MESSAGE Could not find encoder for SILK
2025-06-30 22:52:05:028 [AppRun.wrapped/mediastreamer] MESSAGE Could not find encoder for G726-16
2025-06-30 22:52:05:028 [AppRun.wrapped/mediastreamer] MESSAGE Could not find encoder for G726-24
2025-06-30 22:52:05:028 [AppRun.wrapped/mediastreamer] MESSAGE Could not find encoder for G726-32
2025-06-30 22:52:05:028 [AppRun.wrapped/mediastreamer] MESSAGE Could not find encoder for G726-40
2025-06-30 22:52:05:028 [AppRun.wrapped/mediastreamer] MESSAGE Could not find encoder for AAL2-G726-16
2025-06-30 22:52:05:028 [AppRun.wrapped/mediastreamer] MESSAGE Could not find encoder for AAL2-G726-24
2025-06-30 22:52:05:028 [AppRun.wrapped/mediastreamer] MESSAGE Could not find encoder for AAL2-G726-32
2025-06-30 22:52:05:028 [AppRun.wrapped/mediastreamer] MESSAGE Could not find encoder for AAL2-G726-40
2025-06-30 22:52:05:028 [AppRun.wrapped/mediastreamer] MESSAGE Could not find encoder for CODEC2
2025-06-30 22:52:05:028 [AppRun.wrapped/mediastreamer] MESSAGE Could not find encoder for 1016
2025-06-30 22:52:05:028 [AppRun.wrapped/mediastreamer] MESSAGE Could not find encoder for G723
2025-06-30 22:52:05:028 [AppRun.wrapped/mediastreamer] MESSAGE Could not find encoder for LPC
2025-06-30 22:52:05:028 [AppRun.wrapped/mediastreamer] MESSAGE Could not find encoder for CN
2025-06-30 22:52:05:028 [AppRun.wrapped/mediastreamer] MESSAGE Could not find encoder for H265
2025-06-30 22:52:05:028 [AppRun.wrapped/mediastreamer] MESSAGE Could not find encoder for MP4V-ES
2025-06-30 22:52:05:028 [AppRun.wrapped/mediastreamer] MESSAGE Could not find encoder for H263-1998
2025-06-30 22:52:05:028 [AppRun.wrapped/mediastreamer] MESSAGE Could not find encoder for H263
2025-06-30 22:52:05:028 [AppRun.wrapped/mediastreamer] MESSAGE Could not find encoder for H261
2025-06-30 22:52:05:028 [AppRun.wrapped/mediastreamer] MESSAGE Could not find encoder for MPV
2025-06-30 22:52:05:028 [AppRun.wrapped/liblinphone] MESSAGE Supported codec red/1000 fmtp= automatically added to codec list.
2025-06-30 22:52:05:028 [AppRun.wrapped/liblinphone] MESSAGE Supported codec t140/1000 fmtp= automatically added to codec list.
2025-06-30 22:52:05:028 [AppRun.wrapped/liblinphone] MESSAGE Sorting video codec list, new list is:
2025-06-30 22:52:05:028 [AppRun.wrapped/liblinphone] MESSAGE AV1
2025-06-30 22:52:05:028 [AppRun.wrapped/liblinphone] MESSAGE H264
2025-06-30 22:52:05:028 [AppRun.wrapped/liblinphone] MESSAGE VP8
2025-07-01 11:33:44:045 [AppRun.wrapped/liblinphone] MESSAGE Using (r/w) config information from /home/navaneet/.config/linphone/linphonerc
2025-07-01 11:33:44:045 [AppRun.wrapped/liblinphone] MESSAGE Reading config information from /tmp/.mount_LinphoFHJavP/usr/share/linphone/linphonerc-factory
2025-07-01 11:33:44:093 [AppRun.wrapped/liblinphone] MESSAGE Initializing LinphoneCore 5.4.18
2025-07-01 11:33:44:104 [AppRun.wrapped/liblinphone] MESSAGE Sal nat helper [enabled]
2025-07-01 11:33:44:127 [AppRun.wrapped/mediastreamer] MESSAGE Mediastreamer2 factory 5.4.0 (git: unknown) initialized.
2025-07-01 11:33:44:128 [AppRun.wrapped/mediastreamer] MESSAGE CPU count set to 12
2025-07-01 11:33:44:128 [AppRun.wrapped/mediastreamer] MESSAGE ms_factory_init() done: platform_tags=linux,x86,desktop
2025-07-01 11:33:44:131 [AppRun.wrapped/mediastreamer] MESSAGE srtp init
2025-07-01 11:33:44:140 [AppRun.wrapped/mediastreamer] MESSAGE Registering all soundcard handlers
2025-07-01 11:33:44:144 [AppRun.wrapped/mediastreamer] MESSAGE New PulseAudio context state: PA_CONTEXT_CONNECTING
2025-07-01 11:33:44:147 [AppRun.wrapped/mediastreamer] MESSAGE New PulseAudio context state: PA_CONTEXT_AUTHORIZING
2025-07-01 11:33:44:148 [AppRun.wrapped/mediastreamer] MESSAGE New PulseAudio context state: PA_CONTEXT_SETTING_NAME
2025-07-01 11:33:44:152 [AppRun.wrapped/mediastreamer] MESSAGE New PulseAudio context state: PA_CONTEXT_READY
2025-07-01 11:33:44:154 [AppRun.wrapped/mediastreamer] MESSAGE Card 'PulseAudio: Built-in Audio Analog Stereo [Unknown]' added with capabilities [capture, playback]
2025-07-01 11:33:44:176 [AppRun.wrapped/mediastreamer] MESSAGE Card 'ALSA: default [Unknown]' added with capabilities [capture, playback]
2025-07-01 11:33:44:176 [AppRun.wrapped/mediastreamer] MESSAGE ALSA: found card with name [HDA Intel PCH], long name [HDA Intel PCH at 0x6001150000 irq 160].
2025-07-01 11:33:44:243 [AppRun.wrapped/mediastreamer] MESSAGE Card 'ALSA: HDA Intel PCH [Unknown]' added with capabilities [capture, playback]
2025-07-01 11:33:44:244 [AppRun.wrapped/mediastreamer] MESSAGE Registering all webcam handlers
2025-07-01 11:33:44:356 [AppRun.wrapped/mediastreamer] MESSAGE Webcam V4L2: /dev/video0 added
2025-07-01 11:33:44:356 [AppRun.wrapped/mediastreamer] MESSAGE [MSV4l2] Ignored /dev/video1, not a capture device.
2025-07-01 11:33:44:360 [AppRun.wrapped/mediastreamer] MESSAGE Webcam StaticImage: Static picture added
2025-07-01 11:33:44:360 [AppRun.wrapped/mediastreamer] MESSAGE ms_factory_init_voip() done
2025-07-01 11:33:44:360 [AppRun.wrapped/mediastreamer] MESSAGE Loading ms plugins from [/tmp/.mount_LinphoFHJavP/usr/lib/mediastreamer/plugins]
2025-07-01 11:33:44:361 [AppRun.wrapped/mediastreamer] MESSAGE Loading plugin /tmp/.mount_LinphoFHJavP/usr/lib/mediastreamer/plugins/libmsopenh264.so...
2025-07-01 11:33:44:365 [AppRun.wrapped/mediastreamer] WARNING Fail to load plugin /tmp/.mount_LinphoFHJavP/usr/lib/mediastreamer/plugins/libmsopenh264.so : libopenh264.so.6: cannot open shared object file: No such file or directory
2025-07-01 11:33:44:365 [AppRun.wrapped/mediastreamer] WARNING Could not locate init routine  of plugin libmsopenh264.so
2025-07-01 11:33:44:365 [AppRun.wrapped/mediastreamer] MESSAGE Loading plugin /tmp/.mount_LinphoFHJavP/usr/lib/mediastreamer/plugins/libmsqogl.so...
2025-07-01 11:33:44:369 [AppRun.wrapped/mediastreamer] MESSAGE libmsqogl debug plugin loaded
2025-07-01 11:33:44:369 [AppRun.wrapped/mediastreamer] MESSAGE Plugin loaded (libmsqogl.so)
2025-07-01 11:33:44:369 [AppRun.wrapped/mediastreamer] MESSAGE Loading plugin /tmp/.mount_LinphoFHJavP/usr/lib/mediastreamer/plugins/libmswebrtc.so...
2025-07-01 11:33:44:383 [AppRun.wrapped/bctbx] MESSAGE libmswebrtc 1.1.1 plugin loaded, iLBC codec version 1.1.1
2025-07-01 11:33:44:383 [AppRun.wrapped/mediastreamer] MESSAGE Plugin loaded (libmswebrtc.so)
2025-07-01 11:33:44:383 [AppRun.wrapped/liblinphone] MESSAGE Core callbacks [0x7492ac055030] registered on core [0x7492ac0075b0]
2025-07-01 11:33:44:385 [AppRun.wrapped/ortp] MESSAGE oRTP-5.4.0 initialized with Atomic protection.
2025-07-01 11:33:44:385 [AppRun.wrapped/liblinphone] MESSAGE Codec opus/48000 fmtp=[useinbandfec=1] number=-1, default enablement: 1) added to the list of possible codecs.
2025-07-01 11:33:44:385 [AppRun.wrapped/liblinphone] MESSAGE Codec SILK/16000 fmtp=[] number=-1, default enablement: 1) added to the list of possible codecs.
2025-07-01 11:33:44:385 [AppRun.wrapped/liblinphone] MESSAGE Codec speex/16000 fmtp=[vbr=on] number=-1, default enablement: 1) added to the list of possible codecs.
2025-07-01 11:33:44:385 [AppRun.wrapped/liblinphone] MESSAGE Codec speex/8000 fmtp=[vbr=on] number=-1, default enablement: 1) added to the list of possible codecs.
2025-07-01 11:33:44:385 [AppRun.wrapped/liblinphone] MESSAGE Codec PCMU/8000 fmtp=[] number=0, default enablement: 1) added to the list of possible codecs.
2025-07-01 11:33:44:385 [AppRun.wrapped/liblinphone] MESSAGE Codec PCMA/8000 fmtp=[] number=8, default enablement: 1) added to the list of possible codecs.
2025-07-01 11:33:44:385 [AppRun.wrapped/liblinphone] MESSAGE Codec red/1000 fmtp=[] number=-1, default enablement: 1) added to the list of possible codecs.
2025-07-01 11:33:44:385 [AppRun.wrapped/liblinphone] MESSAGE Codec t140/1000 fmtp=[] number=-1, default enablement: 1) added to the list of possible codecs.
2025-07-01 11:33:44:385 [AppRun.wrapped/liblinphone] MESSAGE Codec GSM/8000 fmtp=[] number=3, default enablement: 0) added to the list of possible codecs.
2025-07-01 11:33:44:385 [AppRun.wrapped/liblinphone] MESSAGE Codec G722/8000 fmtp=[] number=9, default enablement: 0) added to the list of possible codecs.
2025-07-01 11:33:44:385 [AppRun.wrapped/liblinphone] MESSAGE Codec iLBC/8000 fmtp=[mode=30] number=-1, default enablement: 0) added to the list of possible codecs.
2025-07-01 11:33:44:385 [AppRun.wrapped/liblinphone] MESSAGE Codec AMR/8000 fmtp=[octet-align=1] number=-1, default enablement: 0) added to the list of possible codecs.
2025-07-01 11:33:44:385 [AppRun.wrapped/liblinphone] MESSAGE Codec AMR-WB/16000 fmtp=[octet-align=1] number=-1, default enablement: 0) added to the list of possible codecs.
2025-07-01 11:33:44:385 [AppRun.wrapped/liblinphone] MESSAGE Codec G729/8000 fmtp=[annexb=yes] number=18, default enablement: 1) added to the list of possible codecs.
2025-07-01 11:33:44:385 [AppRun.wrapped/liblinphone] MESSAGE Codec mpeg4-generic/16000 fmtp=[config=F8EE2000; constantDuration=512; indexDeltaLength=3; indexLength=3; mode=AAC-hbr; profile-level-id=76; sizeLength=13; streamType=5] number=-1, default enablement: 0) added to the list of possible codecs.
2025-07-01 11:33:44:385 [AppRun.wrapped/liblinphone] MESSAGE Codec mpeg4-generic/22050 fmtp=[config=F8EE2000; constantDuration=512; indexDeltaLength=3; indexLength=3; mode=AAC-hbr; profile-level-id=76; sizeLength=13; streamType=5] number=-1, default enablement: 0) added to the list of possible codecs.
2025-07-01 11:33:44:385 [AppRun.wrapped/liblinphone] MESSAGE Codec mpeg4-generic/32000 fmtp=[config=F8E82000; constantDuration=512; indexDeltaLength=3; indexLength=3; mode=AAC-hbr; profile-level-id=76; sizeLength=13; streamType=5] number=-1, default enablement: 0) added to the list of possible codecs.
2025-07-01 11:33:44:385 [AppRun.wrapped/liblinphone] MESSAGE Codec mpeg4-generic/44100 fmtp=[config=F8E82000; constantDuration=512; indexDeltaLength=3; indexLength=3; mode=AAC-hbr; profile-level-id=76; sizeLength=13; streamType=5] number=-1, default enablement: 0) added to the list of possible codecs.
2025-07-01 11:33:44:385 [AppRun.wrapped/liblinphone] MESSAGE Codec mpeg4-generic/48000 fmtp=[config=F8EE2000; constantDuration=512; indexDeltaLength=3; indexLength=3; mode=AAC-hbr; profile-level-id=76; sizeLength=13; streamType=5] number=-1, default enablement: 0) added to the list of possible codecs.
2025-07-01 11:33:44:385 [AppRun.wrapped/liblinphone] MESSAGE Codec iSAC/16000 fmtp=[] number=-1, default enablement: 0) added to the list of possible codecs.
2025-07-01 11:33:44:385 [AppRun.wrapped/liblinphone] MESSAGE Codec speex/32000 fmtp=[vbr=on] number=-1, default enablement: 0) added to the list of possible codecs.
2025-07-01 11:33:44:385 [AppRun.wrapped/liblinphone] MESSAGE Codec SILK/8000 fmtp=[] number=-1, default enablement: 0) added to the list of possible codecs.
2025-07-01 11:33:44:385 [AppRun.wrapped/liblinphone] MESSAGE Codec SILK/12000 fmtp=[] number=-1, default enablement: 0) added to the list of possible codecs.
2025-07-01 11:33:44:385 [AppRun.wrapped/liblinphone] MESSAGE Codec SILK/24000 fmtp=[] number=-1, default enablement: 0) added to the list of possible codecs.
2025-07-01 11:33:44:385 [AppRun.wrapped/liblinphone] MESSAGE Codec G726-16/8000 fmtp=[] number=-1, default enablement: 0) added to the list of possible codecs.
2025-07-01 11:33:44:385 [AppRun.wrapped/liblinphone] MESSAGE Codec G726-24/8000 fmtp=[] number=-1, default enablement: 0) added to the list of possible codecs.
2025-07-01 11:33:44:385 [AppRun.wrapped/liblinphone] MESSAGE Codec G726-32/8000 fmtp=[] number=-1, default enablement: 0) added to the list of possible codecs.
2025-07-01 11:33:44:385 [AppRun.wrapped/liblinphone] MESSAGE Codec G726-40/8000 fmtp=[] number=-1, default enablement: 0) added to the list of possible codecs.
2025-07-01 11:33:44:385 [AppRun.wrapped/liblinphone] MESSAGE Codec AAL2-G726-16/8000 fmtp=[] number=-1, default enablement: 0) added to the list of possible codecs.
2025-07-01 11:33:44:385 [AppRun.wrapped/liblinphone] MESSAGE Codec AAL2-G726-24/8000 fmtp=[] number=-1, default enablement: 0) added to the list of possible codecs.
2025-07-01 11:33:44:386 [AppRun.wrapped/liblinphone] MESSAGE Codec AAL2-G726-32/8000 fmtp=[] number=-1, default enablement: 0) added to the list of possible codecs.
2025-07-01 11:33:44:386 [AppRun.wrapped/liblinphone] MESSAGE Codec AAL2-G726-40/8000 fmtp=[] number=-1, default enablement: 0) added to the list of possible codecs.
2025-07-01 11:33:44:386 [AppRun.wrapped/liblinphone] MESSAGE Codec CODEC2/8000 fmtp=[] number=-1, default enablement: 0) added to the list of possible codecs.
2025-07-01 11:33:44:386 [AppRun.wrapped/liblinphone] MESSAGE Codec BV16/8000 fmtp=[] number=-1, default enablement: 0) added to the list of possible codecs.
2025-07-01 11:33:44:386 [AppRun.wrapped/liblinphone] MESSAGE Codec AV1/90000 fmtp=[] number=-1, default enablement: 1) added to the list of possible codecs.
2025-07-01 11:33:44:386 [AppRun.wrapped/liblinphone] MESSAGE Codec VP8/90000 fmtp=[] number=-1, default enablement: 1) added to the list of possible codecs.
2025-07-01 11:33:44:386 [AppRun.wrapped/liblinphone] MESSAGE Codec H264/90000 fmtp=[profile-level-id=42801F] number=-1, default enablement: 1) added to the list of possible codecs.
2025-07-01 11:33:44:386 [AppRun.wrapped/liblinphone] MESSAGE Codec H265/90000 fmtp=[] number=-1, default enablement: 1) added to the list of possible codecs.
2025-07-01 11:33:44:386 [AppRun.wrapped/liblinphone] MESSAGE Codec MP4V-ES/90000 fmtp=[profile-level-id=3] number=-1, default enablement: 1) added to the list of possible codecs.
2025-07-01 11:33:44:386 [AppRun.wrapped/liblinphone] MESSAGE Codec H263-1998/90000 fmtp=[CIF=1;QCIF=1] number=-1, default enablement: 0) added to the list of possible codecs.
2025-07-01 11:33:44:386 [AppRun.wrapped/liblinphone] MESSAGE Codec H263/90000 fmtp=[] number=34, default enablement: 0) added to the list of possible codecs.
2025-07-01 11:33:44:386 [AppRun.wrapped/liblinphone] MESSAGE Codec 1016/8000 fmtp=[] number=1, default enablement: 0) added to the list of possible codecs.
2025-07-01 11:33:44:386 [AppRun.wrapped/liblinphone] MESSAGE Codec G723/8000 fmtp=[] number=4, default enablement: 0) added to the list of possible codecs.
2025-07-01 11:33:44:386 [AppRun.wrapped/liblinphone] MESSAGE Codec LPC/8000 fmtp=[] number=7, default enablement: 0) added to the list of possible codecs.
2025-07-01 11:33:44:386 [AppRun.wrapped/liblinphone] MESSAGE Codec L16/44100 fmtp=[] number=10, default enablement: 0) added to the list of possible codecs.
2025-07-01 11:33:44:386 [AppRun.wrapped/liblinphone] MESSAGE Codec L16/44100 fmtp=[] number=11, default enablement: 0) added to the list of possible codecs.
2025-07-01 11:33:44:386 [AppRun.wrapped/liblinphone] MESSAGE Codec CN/8000 fmtp=[] number=13, default enablement: 0) added to the list of possible codecs.
2025-07-01 11:33:44:386 [AppRun.wrapped/liblinphone] MESSAGE Codec H261/90000 fmtp=[] number=31, default enablement: 0) added to the list of possible codecs.
2025-07-01 11:33:44:386 [AppRun.wrapped/liblinphone] MESSAGE Codec MPV/90000 fmtp=[] number=32, default enablement: 0) added to the list of possible codecs.
2025-07-01 11:33:44:388 [AppRun.wrapped/liblinphone] MESSAGE [vCard] Creating parser using 4.0 grammar (RFC 6350/6358)
2025-07-01 11:33:44:392 [AppRun.wrapped/bctbx] MESSAGE [BelCard] Loading vCard 4.0 grammar
2025-07-01 11:33:44:402 [AppRun.wrapped/mediastreamer] MESSAGE Loading ms plugins from [/tmp/.mount_LinphoFHJavP/usr/lib/mediastreamer/plugins]
2025-07-01 11:33:44:403 [AppRun.wrapped/mediastreamer] MESSAGE Loading plugin /tmp/.mount_LinphoFHJavP/usr/lib/mediastreamer/plugins/libmsopenh264.so...
2025-07-01 11:33:44:403 [AppRun.wrapped/mediastreamer] WARNING Fail to load plugin /tmp/.mount_LinphoFHJavP/usr/lib/mediastreamer/plugins/libmsopenh264.so : libopenh264.so.6: cannot open shared object file: No such file or directory
2025-07-01 11:33:44:403 [AppRun.wrapped/mediastreamer] WARNING Could not locate init routine  of plugin libmsopenh264.so
2025-07-01 11:33:44:403 [AppRun.wrapped/mediastreamer] MESSAGE Loading plugin /tmp/.mount_LinphoFHJavP/usr/lib/mediastreamer/plugins/libmsqogl.so...
2025-07-01 11:33:44:403 [AppRun.wrapped/mediastreamer] MESSAGE libmsqogl debug plugin loaded
2025-07-01 11:33:44:403 [AppRun.wrapped/mediastreamer] MESSAGE Plugin loaded (libmsqogl.so)
2025-07-01 11:33:44:403 [AppRun.wrapped/mediastreamer] MESSAGE Loading plugin /tmp/.mount_LinphoFHJavP/usr/lib/mediastreamer/plugins/libmswebrtc.so...
2025-07-01 11:33:44:403 [AppRun.wrapped/bctbx] MESSAGE libmswebrtc 1.1.1 plugin loaded, iLBC codec version 1.1.1
2025-07-01 11:33:44:403 [AppRun.wrapped/mediastreamer] MESSAGE Plugin loaded (libmswebrtc.so)
2025-07-01 11:33:44:404 [AppRun.wrapped/liblinphone] MESSAGE linphone_core_set_playback_gain_db(): no active call.
2025-07-01 11:33:44:404 [AppRun.wrapped/liblinphone] MESSAGE linphone_core_enable_mic(): new state is [enabled], current state is [disabled]
2025-07-01 11:33:44:404 [AppRun.wrapped/liblinphone] MESSAGE linphone_core_set_mic_gain_db(): no active call.
2025-07-01 11:33:44:404 [AppRun.wrapped/liblinphone] MESSAGE Sal nat helper [enabled]
2025-07-01 11:33:44:404 [AppRun.wrapped/liblinphone] MESSAGE Sal use rports [enabled]
2025-07-01 11:33:44:404 [AppRun.wrapped/liblinphone] MESSAGE MTU is supposed to be 1300, rtp payload max size will be 1240
2025-07-01 11:33:44:405 [AppRun.wrapped/mediastreamer] MESSAGE Could not find encoder for SILK
2025-07-01 11:33:44:405 [AppRun.wrapped/mediastreamer] MESSAGE Could not find encoder for AMR
2025-07-01 11:33:44:405 [AppRun.wrapped/mediastreamer] MESSAGE Could not find encoder for AMR-WB
2025-07-01 11:33:44:406 [AppRun.wrapped/mediastreamer] MESSAGE Could not find encoder for mpeg4-generic
2025-07-01 11:33:44:406 [AppRun.wrapped/mediastreamer] MESSAGE Could not find encoder for mpeg4-generic
2025-07-01 11:33:44:406 [AppRun.wrapped/mediastreamer] MESSAGE Could not find encoder for mpeg4-generic
2025-07-01 11:33:44:406 [AppRun.wrapped/mediastreamer] MESSAGE Could not find encoder for mpeg4-generic
2025-07-01 11:33:44:406 [AppRun.wrapped/mediastreamer] MESSAGE Could not find encoder for mpeg4-generic
2025-07-01 11:33:44:406 [AppRun.wrapped/mediastreamer] MESSAGE Could not find encoder for iSAC
2025-07-01 11:33:44:406 [AppRun.wrapped/mediastreamer] MESSAGE Could not find encoder for SILK
2025-07-01 11:33:44:406 [AppRun.wrapped/mediastreamer] MESSAGE Could not find encoder for SILK
2025-07-01 11:33:44:406 [AppRun.wrapped/mediastreamer] MESSAGE Could not find encoder for SILK
2025-07-01 11:33:44:406 [AppRun.wrapped/mediastreamer] MESSAGE Could not find encoder for G726-16
2025-07-01 11:33:44:406 [AppRun.wrapped/mediastreamer] MESSAGE Could not find encoder for G726-24
2025-07-01 11:33:44:406 [AppRun.wrapped/mediastreamer] MESSAGE Could not find encoder for G726-32
2025-07-01 11:33:44:406 [AppRun.wrapped/mediastreamer] MESSAGE Could not find encoder for G726-40
2025-07-01 11:33:44:406 [AppRun.wrapped/mediastreamer] MESSAGE Could not find encoder for AAL2-G726-16
2025-07-01 11:33:44:406 [AppRun.wrapped/mediastreamer] MESSAGE Could not find encoder for AAL2-G726-24
2025-07-01 11:33:44:406 [AppRun.wrapped/mediastreamer] MESSAGE Could not find encoder for AAL2-G726-32
2025-07-01 11:33:44:406 [AppRun.wrapped/mediastreamer] MESSAGE Could not find encoder for AAL2-G726-40
2025-07-01 11:33:44:406 [AppRun.wrapped/mediastreamer] MESSAGE Could not find encoder for CODEC2
2025-07-01 11:33:44:406 [AppRun.wrapped/mediastreamer] MESSAGE Could not find encoder for 1016
2025-07-01 11:33:44:406 [AppRun.wrapped/mediastreamer] MESSAGE Could not find encoder for G723
2025-07-01 11:33:44:406 [AppRun.wrapped/mediastreamer] MESSAGE Could not find encoder for LPC
2025-07-01 11:33:44:406 [AppRun.wrapped/mediastreamer] MESSAGE Could not find encoder for CN
2025-07-01 11:33:44:406 [AppRun.wrapped/mediastreamer] MESSAGE Could not find encoder for H264
2025-07-01 11:33:44:406 [AppRun.wrapped/liblinphone] WARNING Codec H264/90000 read from conf is not supported by mediastreamer2, ignored.
2025-07-01 11:33:44:406 [AppRun.wrapped/mediastreamer] MESSAGE Could not find encoder for H264
2025-07-01 11:33:44:406 [AppRun.wrapped/mediastreamer] MESSAGE Could not find encoder for H265
2025-07-01 11:33:44:406 [AppRun.wrapped/mediastreamer] MESSAGE Could not find encoder for MP4V-ES
2025-07-01 11:33:44:406 [AppRun.wrapped/mediastreamer] MESSAGE Could not find encoder for H263-1998
2025-07-01 11:33:44:406 [AppRun.wrapped/mediastreamer] MESSAGE Could not find encoder for H263
2025-07-01 11:33:44:406 [AppRun.wrapped/mediastreamer] MESSAGE Could not find encoder for H261
2025-07-01 11:33:44:406 [AppRun.wrapped/mediastreamer] MESSAGE Could not find encoder for MPV
2025-07-01 11:33:44:406 [AppRun.wrapped/liblinphone] MESSAGE Supported codec red/1000 fmtp= automatically added to codec list.
2025-07-01 11:33:44:406 [AppRun.wrapped/liblinphone] MESSAGE Supported codec t140/1000 fmtp= automatically added to codec list.
2025-07-01 11:33:44:408 [AppRun.wrapped/liblinphone] MESSAGE Sorting video codec list, new list is:
2025-07-01 11:33:44:408 [AppRun.wrapped/liblinphone] MESSAGE AV1
2025-07-01 11:33:44:408 [AppRun.wrapped/liblinphone] MESSAGE VP8
2025-07-01 11:33:44:408 [AppRun.wrapped/liblinphone] MESSAGE Sal use rports [enabled]
2025-07-01 11:33:44:408 [AppRun.wrapped/belle-sip] MESSAGE belle_sip_stack_set_well_know_port() : set to [5060]
2025-07-01 11:33:44:408 [AppRun.wrapped/belle-sip] MESSAGE belle_sip_stack_set_well_know_port_tls() : set to [5061]
2025-07-01 11:33:44:408 [AppRun.wrapped/belle-sip] MESSAGE Root ca path set to /etc/ssl/certs
2025-07-01 11:33:44:410 [AppRun.wrapped/belle-sip] MESSAGE Root ca path set to /etc/ssl/certs
2025-07-01 11:33:44:410 [AppRun.wrapped/belle-sip] MESSAGE Root ca path set to /tmp/.mount_LinphoFHJavP/usr/share/linphone/rootca.pem
2025-07-01 11:33:44:423 [AppRun.wrapped/liblinphone] MESSAGE Account [0x7492ac0b8490]  ("Navaneet" <sip:2017@192.168.1.254>) created with params
2025-07-01 11:33:44:423 [AppRun.wrapped/liblinphone] MESSAGE linphoneAccountIsServerConfigChanged : 0
2025-07-01 11:33:44:423 [AppRun.wrapped/liblinphone] MESSAGE Publish params have changed on Account [0x7492ac0b8490]  ("Navaneet" <sip:2017@192.168.1.254>)
2025-07-01 11:33:44:423 [AppRun.wrapped/liblinphone] MESSAGE Invalidating friends maps for list [0x7492ac0ab078]
2025-07-01 11:33:44:424 [AppRun.wrapped/liblinphone] MESSAGE Switching LinphoneCore [0x7492ac0075b0] from state LinphoneGlobalOff to LinphoneGlobalReady
2025-07-01 11:33:44:424 [AppRun.wrapped/liblinphone] MESSAGE Core callbacks [0x57183a50fe50] registered on core [0x7492ac0075b0]
2025-07-01 11:33:44:428 [AppRun.wrapped/liblinphone] MESSAGE Sal::unlistenPorts(): done
2025-07-01 11:33:44:428 [AppRun.wrapped/belle-sip] MESSAGE Creating listening point [0x7492ac0061f0] on [sip:[::0]:-2;transport=UDP]
2025-07-01 11:33:44:428 [AppRun.wrapped/belle-sip] MESSAGE Creating listening point [0x7492ac15ccc0] on [sip:[::0]:-2;transport=TCP]
2025-07-01 11:33:44:428 [AppRun.wrapped/belle-sip] MESSAGE Creating listening point [0x7492ac15d010] on [sip:[::0]:-2;transport=TLS]
2025-07-01 11:33:44:428 [AppRun.wrapped/belle-sip] MESSAGE Root ca path set to /etc/ssl/certs
2025-07-01 11:33:44:428 [AppRun.wrapped/belle-sip] MESSAGE Root ca path set to /etc/ssl/certs
2025-07-01 11:33:44:428 [AppRun.wrapped/belle-sip] MESSAGE Root ca path set to /tmp/.mount_LinphoFHJavP/usr/share/linphone/rootca.pem
2025-07-01 11:33:44:428 [AppRun.wrapped/belle-sip] MESSAGE belle_sip_stack_set_ip_version_preference(): AF_INET6
2025-07-01 11:33:44:428 [AppRun.wrapped/liblinphone] MESSAGE Switching LinphoneCore [0x7492ac0075b0] from state LinphoneGlobalReady to LinphoneGlobalStartup
2025-07-01 11:33:44:428 [AppRun.wrapped/liblinphone] MESSAGE Loading linphone core plugins from ./lib/liblinphone/plugins
2025-07-01 11:33:44:428 [AppRun.wrapped/liblinphone] MESSAGE Cannot open directory ./lib/liblinphone/plugins: No such file or directory
2025-07-01 11:33:44:435 [AppRun.wrapped/liblinphone] MESSAGE [ToneManager] create ToneManager()
2025-07-01 11:33:44:442 [AppRun.wrapped/liblinphone] MESSAGE Using [/home/navaneet/.local/share/linphone//x3dh.c25519.sqlite3] as lime database path
2025-07-01 11:33:44:442 [AppRun.wrapped/liblinphone] MESSAGE [LIME] instanciate a LimeX3dhEncryption engine 0x7492ac15d4d0 - default server is [] and default curve [c25519] DB path: /home/navaneet/.local/share/linphone//x3dh.c25519.sqlite3
2025-07-01 11:33:44:465 [AppRun.wrapped/liblinphone] MESSAGE Using ["/home/navaneet/.local/share/linphone//linphone.db"] as default database path
2025-07-01 11:33:44:465 [AppRun.wrapped/liblinphone] MESSAGE Opening linphone database "/home/navaneet/.local/share/linphone//linphone.db" with backend Sqlite3
2025-07-01 11:33:44:471 [AppRun.wrapped/liblinphone] MESSAGE Event table version is 1.0.31
2025-07-01 11:33:44:488 [AppRun.wrapped/liblinphone] MESSAGE Friends table version is 1.0.1
2025-07-01 11:33:44:500 [AppRun.wrapped/liblinphone] MESSAGE Beginning loadChatRoms
2025-07-01 11:33:44:500 [AppRun.wrapped/liblinphone] MESSAGE Start measurement of [Get chat rooms.].
2025-07-01 11:33:44:504 [AppRun.wrapped/liblinphone] MESSAGE Duration of [Get chat rooms.]: 3ms.
2025-07-01 11:33:44:504 [AppRun.wrapped/liblinphone] MESSAGE End loadChatRoms
2025-07-01 11:33:44:507 [AppRun.wrapped/liblinphone] MESSAGE Start measurement of [Get friend lists.].
2025-07-01 11:33:44:507 [AppRun.wrapped/liblinphone] WARNING Unable to get valid core instance.
2025-07-01 11:33:44:512 [AppRun.wrapped/liblinphone] WARNING Unable to get valid core instance.
2025-07-01 11:33:44:512 [AppRun.wrapped/liblinphone] WARNING Unable to get valid core instance.
2025-07-01 11:33:44:512 [AppRun.wrapped/liblinphone] WARNING Unable to get valid core instance.
2025-07-01 11:33:44:512 [AppRun.wrapped/liblinphone] WARNING Unable to get valid core instance.
2025-07-01 11:33:44:512 [AppRun.wrapped/liblinphone] WARNING Unable to get valid core instance.
2025-07-01 11:33:44:512 [AppRun.wrapped/liblinphone] WARNING Unable to get valid core instance.
2025-07-01 11:33:44:512 [AppRun.wrapped/liblinphone] WARNING Unable to get valid core instance.
2025-07-01 11:33:44:512 [AppRun.wrapped/liblinphone] MESSAGE Duration of [Get friend lists.]: 5ms.
2025-07-01 11:33:44:526 [AppRun.wrapped/liblinphone] MESSAGE Fetched [2] friend lists from DB
2025-07-01 11:33:44:526 [AppRun.wrapped/liblinphone] MESSAGE Using [/home/navaneet/.local/share/linphone//call-history.db] as legacy call history database path
2025-07-01 11:33:44:526 [AppRun.wrapped/liblinphone] WARNING nothing to migrate, skipping...
2025-07-01 11:33:44:526 [AppRun.wrapped/liblinphone] MESSAGE Using [/home/navaneet/.local/share/linphone//zrtp-secrets.db] as default zrtp secrets database path
2025-07-01 11:33:44:527 [AppRun.wrapped/liblinphone] MESSAGE Using [/home/navaneet/.local/share/linphone/friends.db] as legacy friends database path
2025-07-01 11:33:44:527 [AppRun.wrapped/liblinphone] MESSAGE Using [/home/navaneet/.local/share/linphone/friends.db] file for friends database
2025-07-01 11:33:44:527 [AppRun.wrapped/belle-sip] MESSAGE Root ca path set to /tmp/.mount_LinphoFHJavP/usr/share/linphone/rootca.pem
2025-07-01 11:33:44:527 [AppRun.wrapped/belle-sip] MESSAGE belle_sip_stack_force_name_addr(): forced=0
2025-07-01 11:33:44:527 [AppRun.wrapped/liblinphone] MESSAGE SIP network reachability state is now [UP]
2025-07-01 11:33:44:527 [AppRun.wrapped/liblinphone] MESSAGE Media network reachability state is now [UP]
2025-07-01 11:33:44:527 [AppRun.wrapped/liblinphone] MESSAGE Switching LinphoneCore [0x7492ac0075b0] from state LinphoneGlobalStartup to LinphoneGlobalConfiguring
2025-07-01 11:33:44:527 [AppRun.wrapped/liblinphone] MESSAGE Linphone core [0x7492ac0075b0] notified [global_state_changed]
2025-07-01 11:33:44:527 [AppRun.wrapped/liblinphone] MESSAGE Linphone core [0x7492ac0075b0] notified [configuring_status]
2025-07-01 11:33:44:527 [AppRun.wrapped/belle-sip] MESSAGE Listening point [0x7492ac0061f0] on [sip:[::0]:-2;transport=UDP] destroyed
2025-07-01 11:33:44:527 [AppRun.wrapped/belle-sip] MESSAGE Listening point [0x7492ac15ccc0] on [sip:[::0]:-2;transport=TCP] destroyed
2025-07-01 11:33:44:527 [AppRun.wrapped/belle-sip] MESSAGE Listening point [0x7492ac15d010] on [sip:[::0]:-2;transport=TLS] destroyed
2025-07-01 11:33:44:527 [AppRun.wrapped/liblinphone] MESSAGE Sal::unlistenPorts(): done
2025-07-01 11:33:44:527 [AppRun.wrapped/belle-sip] MESSAGE Creating listening point [0x7492ac15d410] on [sip:[::0]:-2;transport=UDP]
2025-07-01 11:33:44:527 [AppRun.wrapped/belle-sip] MESSAGE Creating listening point [0x7492ac15ccc0] on [sip:[::0]:-2;transport=TCP]
2025-07-01 11:33:44:527 [AppRun.wrapped/belle-sip] MESSAGE Creating listening point [0x7492ac1c6cc0] on [sip:[::0]:-2;transport=TLS]
2025-07-01 11:33:44:527 [AppRun.wrapped/belle-sip] MESSAGE Root ca path set to /etc/ssl/certs
2025-07-01 11:33:44:527 [AppRun.wrapped/belle-sip] MESSAGE Root ca path set to /etc/ssl/certs
2025-07-01 11:33:44:527 [AppRun.wrapped/belle-sip] MESSAGE Root ca path set to /tmp/.mount_LinphoFHJavP/usr/share/linphone/rootca.pem
2025-07-01 11:33:44:527 [AppRun.wrapped/belle-sip] MESSAGE belle_sip_stack_set_ip_version_preference(): AF_INET6
2025-07-01 11:33:44:528 [AppRun.wrapped/liblinphone] MESSAGE Switching LinphoneCore [0x7492ac0075b0] from state LinphoneGlobalConfiguring to LinphoneGlobalOn
2025-07-01 11:33:44:528 [AppRun.wrapped/liblinphone] MESSAGE Linphone core [0x7492ac0075b0] notified [global_state_changed]
2025-07-01 11:33:44:528 [AppRun.wrapped/liblinphone] MESSAGE Updating friend list [0x7492ac1ce898] subscriptions
2025-07-01 11:33:44:528 [AppRun.wrapped/liblinphone] MESSAGE Updating friend list [0x7492ac1ce898](app_friends) subscriptions
2025-07-01 11:33:44:529 [AppRun.wrapped/liblinphone] MESSAGE Friend list [0x7492ac1ce898] subscription update skipped since dependant proxy config is not yet registered
2025-07-01 11:33:44:529 [AppRun.wrapped/liblinphone] MESSAGE Updating friend list [0x7492ac1cf208] subscriptions
2025-07-01 11:33:44:529 [AppRun.wrapped/liblinphone] MESSAGE Updating friend list [0x7492ac1cf208](ldap_friends) subscriptions
2025-07-01 11:33:44:529 [AppRun.wrapped/liblinphone] MESSAGE Friend list [0x7492ac1cf208] subscription update skipped since dependant proxy config is not yet registered
2025-07-01 11:33:44:529 [AppRun.wrapped/liblinphone] MESSAGE linphone_core_set_mic_gain_db(): no active call.
2025-07-01 11:33:44:529 [AppRun.wrapped/liblinphone] MESSAGE linphone_core_set_playback_gain_db(): no active call.
2025-07-01 11:33:44:538 [AppRun.wrapped/mediastreamer] MESSAGE Loading ms plugins from [/tmp/.mount_LinphoFHJavP/usr/lib/mediastreamer/plugins]
2025-07-01 11:33:44:538 [AppRun.wrapped/mediastreamer] MESSAGE Loading plugin /tmp/.mount_LinphoFHJavP/usr/lib/mediastreamer/plugins/libmsopenh264.so...
2025-07-01 11:33:44:539 [AppRun.wrapped/bctbx] MESSAGE msopenh264-1.2.1 plugin registered.
2025-07-01 11:33:44:539 [AppRun.wrapped/mediastreamer] MESSAGE Plugin loaded (libmsopenh264.so)
2025-07-01 11:33:44:539 [AppRun.wrapped/mediastreamer] MESSAGE Loading plugin /tmp/.mount_LinphoFHJavP/usr/lib/mediastreamer/plugins/libmsqogl.so...
2025-07-01 11:33:44:539 [AppRun.wrapped/mediastreamer] MESSAGE libmsqogl debug plugin loaded
2025-07-01 11:33:44:539 [AppRun.wrapped/mediastreamer] MESSAGE Plugin loaded (libmsqogl.so)
2025-07-01 11:33:44:539 [AppRun.wrapped/mediastreamer] MESSAGE Loading plugin /tmp/.mount_LinphoFHJavP/usr/lib/mediastreamer/plugins/libmswebrtc.so...
2025-07-01 11:33:44:539 [AppRun.wrapped/bctbx] MESSAGE libmswebrtc 1.1.1 plugin loaded, iLBC codec version 1.1.1
2025-07-01 11:33:44:539 [AppRun.wrapped/mediastreamer] MESSAGE Plugin loaded (libmswebrtc.so)
2025-07-01 11:33:44:540 [AppRun.wrapped/mediastreamer] MESSAGE Could not find encoder for SILK
2025-07-01 11:33:44:540 [AppRun.wrapped/mediastreamer] MESSAGE Could not find encoder for AMR
2025-07-01 11:33:44:540 [AppRun.wrapped/mediastreamer] MESSAGE Could not find encoder for AMR-WB
2025-07-01 11:33:44:540 [AppRun.wrapped/mediastreamer] MESSAGE Could not find encoder for mpeg4-generic
2025-07-01 11:33:44:540 [AppRun.wrapped/mediastreamer] MESSAGE Could not find encoder for mpeg4-generic
2025-07-01 11:33:44:540 [AppRun.wrapped/mediastreamer] MESSAGE Could not find encoder for mpeg4-generic
2025-07-01 11:33:44:540 [AppRun.wrapped/mediastreamer] MESSAGE Could not find encoder for mpeg4-generic
2025-07-01 11:33:44:540 [AppRun.wrapped/mediastreamer] MESSAGE Could not find encoder for mpeg4-generic
2025-07-01 11:33:44:540 [AppRun.wrapped/mediastreamer] MESSAGE Could not find encoder for iSAC
2025-07-01 11:33:44:540 [AppRun.wrapped/mediastreamer] MESSAGE Could not find encoder for SILK
2025-07-01 11:33:44:540 [AppRun.wrapped/mediastreamer] MESSAGE Could not find encoder for SILK
2025-07-01 11:33:44:540 [AppRun.wrapped/mediastreamer] MESSAGE Could not find encoder for SILK
2025-07-01 11:33:44:540 [AppRun.wrapped/mediastreamer] MESSAGE Could not find encoder for G726-16
2025-07-01 11:33:44:540 [AppRun.wrapped/mediastreamer] MESSAGE Could not find encoder for G726-24
2025-07-01 11:33:44:540 [AppRun.wrapped/mediastreamer] MESSAGE Could not find encoder for G726-32
2025-07-01 11:33:44:540 [AppRun.wrapped/mediastreamer] MESSAGE Could not find encoder for G726-40
2025-07-01 11:33:44:540 [AppRun.wrapped/mediastreamer] MESSAGE Could not find encoder for AAL2-G726-16
2025-07-01 11:33:44:540 [AppRun.wrapped/mediastreamer] MESSAGE Could not find encoder for AAL2-G726-24
2025-07-01 11:33:44:540 [AppRun.wrapped/mediastreamer] MESSAGE Could not find encoder for AAL2-G726-32
2025-07-01 11:33:44:540 [AppRun.wrapped/mediastreamer] MESSAGE Could not find encoder for AAL2-G726-40
2025-07-01 11:33:44:540 [AppRun.wrapped/mediastreamer] MESSAGE Could not find encoder for CODEC2
2025-07-01 11:33:44:540 [AppRun.wrapped/mediastreamer] MESSAGE Could not find encoder for 1016
2025-07-01 11:33:44:540 [AppRun.wrapped/mediastreamer] MESSAGE Could not find encoder for G723
2025-07-01 11:33:44:540 [AppRun.wrapped/mediastreamer] MESSAGE Could not find encoder for LPC
2025-07-01 11:33:44:540 [AppRun.wrapped/mediastreamer] MESSAGE Could not find encoder for CN
2025-07-01 11:33:44:540 [AppRun.wrapped/mediastreamer] MESSAGE Could not find encoder for H265
2025-07-01 11:33:44:540 [AppRun.wrapped/mediastreamer] MESSAGE Could not find encoder for MP4V-ES
2025-07-01 11:33:44:540 [AppRun.wrapped/mediastreamer] MESSAGE Could not find encoder for H263-1998
2025-07-01 11:33:44:540 [AppRun.wrapped/mediastreamer] MESSAGE Could not find encoder for H263
2025-07-01 11:33:44:540 [AppRun.wrapped/mediastreamer] MESSAGE Could not find encoder for H261
2025-07-01 11:33:44:540 [AppRun.wrapped/mediastreamer] MESSAGE Could not find encoder for MPV
2025-07-01 11:33:44:540 [AppRun.wrapped/liblinphone] MESSAGE Supported codec red/1000 fmtp= automatically added to codec list.
2025-07-01 11:33:44:540 [AppRun.wrapped/liblinphone] MESSAGE Supported codec t140/1000 fmtp= automatically added to codec list.
2025-07-01 11:33:44:540 [AppRun.wrapped/liblinphone] MESSAGE Sorting video codec list, new list is:
2025-07-01 11:33:44:540 [AppRun.wrapped/liblinphone] MESSAGE AV1
2025-07-01 11:33:44:540 [AppRun.wrapped/liblinphone] MESSAGE H264
2025-07-01 11:33:44:540 [AppRun.wrapped/liblinphone] MESSAGE VP8
2025-07-02 13:22:43:777 [AppRun.wrapped/liblinphone] MESSAGE Using (r/w) config information from /home/navaneet/.config/linphone/linphonerc
2025-07-02 13:22:43:779 [AppRun.wrapped/liblinphone] MESSAGE Reading config information from /tmp/.mount_LinphoZlJp4w/usr/share/linphone/linphonerc-factory
2025-07-02 13:22:43:833 [AppRun.wrapped/liblinphone] MESSAGE Initializing LinphoneCore 5.4.18
2025-07-02 13:22:43:844 [AppRun.wrapped/liblinphone] MESSAGE Sal nat helper [enabled]
2025-07-02 13:22:43:867 [AppRun.wrapped/mediastreamer] MESSAGE Mediastreamer2 factory 5.4.0 (git: unknown) initialized.
2025-07-02 13:22:43:867 [AppRun.wrapped/mediastreamer] MESSAGE CPU count set to 12
2025-07-02 13:22:43:867 [AppRun.wrapped/mediastreamer] MESSAGE ms_factory_init() done: platform_tags=linux,x86,desktop
2025-07-02 13:22:43:871 [AppRun.wrapped/mediastreamer] MESSAGE srtp init
2025-07-02 13:22:43:879 [AppRun.wrapped/mediastreamer] MESSAGE Registering all soundcard handlers
2025-07-02 13:22:43:884 [AppRun.wrapped/mediastreamer] MESSAGE New PulseAudio context state: PA_CONTEXT_CONNECTING
2025-07-02 13:22:43:886 [AppRun.wrapped/mediastreamer] MESSAGE New PulseAudio context state: PA_CONTEXT_AUTHORIZING
2025-07-02 13:22:43:887 [AppRun.wrapped/mediastreamer] MESSAGE New PulseAudio context state: PA_CONTEXT_SETTING_NAME
2025-07-02 13:22:43:892 [AppRun.wrapped/mediastreamer] MESSAGE New PulseAudio context state: PA_CONTEXT_READY
2025-07-02 13:22:43:894 [AppRun.wrapped/mediastreamer] MESSAGE Card 'PulseAudio: Built-in Audio Analog Stereo [Unknown]' added with capabilities [capture, playback]
2025-07-02 13:22:43:916 [AppRun.wrapped/mediastreamer] MESSAGE Card 'ALSA: default [Unknown]' added with capabilities [capture, playback]
2025-07-02 13:22:43:916 [AppRun.wrapped/mediastreamer] MESSAGE ALSA: found card with name [HDA Intel PCH], long name [HDA Intel PCH at 0x6001150000 irq 160].
2025-07-02 13:22:43:972 [AppRun.wrapped/mediastreamer] MESSAGE Card 'ALSA: HDA Intel PCH [Unknown]' added with capabilities [capture, playback]
2025-07-02 13:22:43:972 [AppRun.wrapped/mediastreamer] MESSAGE Registering all webcam handlers
2025-07-02 13:22:44:085 [AppRun.wrapped/mediastreamer] MESSAGE Webcam V4L2: /dev/video0 added
2025-07-02 13:22:44:085 [AppRun.wrapped/mediastreamer] MESSAGE [MSV4l2] Ignored /dev/video1, not a capture device.
2025-07-02 13:22:44:089 [AppRun.wrapped/mediastreamer] MESSAGE Webcam StaticImage: Static picture added
2025-07-02 13:22:44:089 [AppRun.wrapped/mediastreamer] MESSAGE ms_factory_init_voip() done
2025-07-02 13:22:44:089 [AppRun.wrapped/mediastreamer] MESSAGE Loading ms plugins from [/tmp/.mount_LinphoZlJp4w/usr/lib/mediastreamer/plugins]
2025-07-02 13:22:44:090 [AppRun.wrapped/mediastreamer] MESSAGE Loading plugin /tmp/.mount_LinphoZlJp4w/usr/lib/mediastreamer/plugins/libmsopenh264.so...
2025-07-02 13:22:44:095 [AppRun.wrapped/mediastreamer] WARNING Fail to load plugin /tmp/.mount_LinphoZlJp4w/usr/lib/mediastreamer/plugins/libmsopenh264.so : libopenh264.so.6: cannot open shared object file: No such file or directory
2025-07-02 13:22:44:095 [AppRun.wrapped/mediastreamer] WARNING Could not locate init routine  of plugin libmsopenh264.so
2025-07-02 13:22:44:095 [AppRun.wrapped/mediastreamer] MESSAGE Loading plugin /tmp/.mount_LinphoZlJp4w/usr/lib/mediastreamer/plugins/libmsqogl.so...
2025-07-02 13:22:44:100 [AppRun.wrapped/mediastreamer] MESSAGE libmsqogl debug plugin loaded
2025-07-02 13:22:44:100 [AppRun.wrapped/mediastreamer] MESSAGE Plugin loaded (libmsqogl.so)
2025-07-02 13:22:44:100 [AppRun.wrapped/mediastreamer] MESSAGE Loading plugin /tmp/.mount_LinphoZlJp4w/usr/lib/mediastreamer/plugins/libmswebrtc.so...
2025-07-02 13:22:44:114 [AppRun.wrapped/bctbx] MESSAGE libmswebrtc 1.1.1 plugin loaded, iLBC codec version 1.1.1
2025-07-02 13:22:44:114 [AppRun.wrapped/mediastreamer] MESSAGE Plugin loaded (libmswebrtc.so)
2025-07-02 13:22:44:114 [AppRun.wrapped/liblinphone] MESSAGE Core callbacks [0x7bc620054e90] registered on core [0x7bc620007790]
2025-07-02 13:22:44:116 [AppRun.wrapped/ortp] MESSAGE oRTP-5.4.0 initialized with Atomic protection.
2025-07-02 13:22:44:116 [AppRun.wrapped/liblinphone] MESSAGE Codec opus/48000 fmtp=[useinbandfec=1] number=-1, default enablement: 1) added to the list of possible codecs.
2025-07-02 13:22:44:116 [AppRun.wrapped/liblinphone] MESSAGE Codec SILK/16000 fmtp=[] number=-1, default enablement: 1) added to the list of possible codecs.
2025-07-02 13:22:44:116 [AppRun.wrapped/liblinphone] MESSAGE Codec speex/16000 fmtp=[vbr=on] number=-1, default enablement: 1) added to the list of possible codecs.
2025-07-02 13:22:44:116 [AppRun.wrapped/liblinphone] MESSAGE Codec speex/8000 fmtp=[vbr=on] number=-1, default enablement: 1) added to the list of possible codecs.
2025-07-02 13:22:44:116 [AppRun.wrapped/liblinphone] MESSAGE Codec PCMU/8000 fmtp=[] number=0, default enablement: 1) added to the list of possible codecs.
2025-07-02 13:22:44:116 [AppRun.wrapped/liblinphone] MESSAGE Codec PCMA/8000 fmtp=[] number=8, default enablement: 1) added to the list of possible codecs.
2025-07-02 13:22:44:116 [AppRun.wrapped/liblinphone] MESSAGE Codec red/1000 fmtp=[] number=-1, default enablement: 1) added to the list of possible codecs.
2025-07-02 13:22:44:116 [AppRun.wrapped/liblinphone] MESSAGE Codec t140/1000 fmtp=[] number=-1, default enablement: 1) added to the list of possible codecs.
2025-07-02 13:22:44:116 [AppRun.wrapped/liblinphone] MESSAGE Codec GSM/8000 fmtp=[] number=3, default enablement: 0) added to the list of possible codecs.
2025-07-02 13:22:44:116 [AppRun.wrapped/liblinphone] MESSAGE Codec G722/8000 fmtp=[] number=9, default enablement: 0) added to the list of possible codecs.
2025-07-02 13:22:44:116 [AppRun.wrapped/liblinphone] MESSAGE Codec iLBC/8000 fmtp=[mode=30] number=-1, default enablement: 0) added to the list of possible codecs.
2025-07-02 13:22:44:116 [AppRun.wrapped/liblinphone] MESSAGE Codec AMR/8000 fmtp=[octet-align=1] number=-1, default enablement: 0) added to the list of possible codecs.
2025-07-02 13:22:44:116 [AppRun.wrapped/liblinphone] MESSAGE Codec AMR-WB/16000 fmtp=[octet-align=1] number=-1, default enablement: 0) added to the list of possible codecs.
2025-07-02 13:22:44:116 [AppRun.wrapped/liblinphone] MESSAGE Codec G729/8000 fmtp=[annexb=yes] number=18, default enablement: 1) added to the list of possible codecs.
2025-07-02 13:22:44:116 [AppRun.wrapped/liblinphone] MESSAGE Codec mpeg4-generic/16000 fmtp=[config=F8EE2000; constantDuration=512; indexDeltaLength=3; indexLength=3; mode=AAC-hbr; profile-level-id=76; sizeLength=13; streamType=5] number=-1, default enablement: 0) added to the list of possible codecs.
2025-07-02 13:22:44:116 [AppRun.wrapped/liblinphone] MESSAGE Codec mpeg4-generic/22050 fmtp=[config=F8EE2000; constantDuration=512; indexDeltaLength=3; indexLength=3; mode=AAC-hbr; profile-level-id=76; sizeLength=13; streamType=5] number=-1, default enablement: 0) added to the list of possible codecs.
2025-07-02 13:22:44:116 [AppRun.wrapped/liblinphone] MESSAGE Codec mpeg4-generic/32000 fmtp=[config=F8E82000; constantDuration=512; indexDeltaLength=3; indexLength=3; mode=AAC-hbr; profile-level-id=76; sizeLength=13; streamType=5] number=-1, default enablement: 0) added to the list of possible codecs.
2025-07-02 13:22:44:116 [AppRun.wrapped/liblinphone] MESSAGE Codec mpeg4-generic/44100 fmtp=[config=F8E82000; constantDuration=512; indexDeltaLength=3; indexLength=3; mode=AAC-hbr; profile-level-id=76; sizeLength=13; streamType=5] number=-1, default enablement: 0) added to the list of possible codecs.
2025-07-02 13:22:44:117 [AppRun.wrapped/liblinphone] MESSAGE Codec mpeg4-generic/48000 fmtp=[config=F8EE2000; constantDuration=512; indexDeltaLength=3; indexLength=3; mode=AAC-hbr; profile-level-id=76; sizeLength=13; streamType=5] number=-1, default enablement: 0) added to the list of possible codecs.
2025-07-02 13:22:44:117 [AppRun.wrapped/liblinphone] MESSAGE Codec iSAC/16000 fmtp=[] number=-1, default enablement: 0) added to the list of possible codecs.
2025-07-02 13:22:44:117 [AppRun.wrapped/liblinphone] MESSAGE Codec speex/32000 fmtp=[vbr=on] number=-1, default enablement: 0) added to the list of possible codecs.
2025-07-02 13:22:44:117 [AppRun.wrapped/liblinphone] MESSAGE Codec SILK/8000 fmtp=[] number=-1, default enablement: 0) added to the list of possible codecs.
2025-07-02 13:22:44:117 [AppRun.wrapped/liblinphone] MESSAGE Codec SILK/12000 fmtp=[] number=-1, default enablement: 0) added to the list of possible codecs.
2025-07-02 13:22:44:117 [AppRun.wrapped/liblinphone] MESSAGE Codec SILK/24000 fmtp=[] number=-1, default enablement: 0) added to the list of possible codecs.
2025-07-02 13:22:44:117 [AppRun.wrapped/liblinphone] MESSAGE Codec G726-16/8000 fmtp=[] number=-1, default enablement: 0) added to the list of possible codecs.
2025-07-02 13:22:44:117 [AppRun.wrapped/liblinphone] MESSAGE Codec G726-24/8000 fmtp=[] number=-1, default enablement: 0) added to the list of possible codecs.
2025-07-02 13:22:44:117 [AppRun.wrapped/liblinphone] MESSAGE Codec G726-32/8000 fmtp=[] number=-1, default enablement: 0) added to the list of possible codecs.
2025-07-02 13:22:44:117 [AppRun.wrapped/liblinphone] MESSAGE Codec G726-40/8000 fmtp=[] number=-1, default enablement: 0) added to the list of possible codecs.
2025-07-02 13:22:44:117 [AppRun.wrapped/liblinphone] MESSAGE Codec AAL2-G726-16/8000 fmtp=[] number=-1, default enablement: 0) added to the list of possible codecs.
2025-07-02 13:22:44:117 [AppRun.wrapped/liblinphone] MESSAGE Codec AAL2-G726-24/8000 fmtp=[] number=-1, default enablement: 0) added to the list of possible codecs.
2025-07-02 13:22:44:117 [AppRun.wrapped/liblinphone] MESSAGE Codec AAL2-G726-32/8000 fmtp=[] number=-1, default enablement: 0) added to the list of possible codecs.
2025-07-02 13:22:44:117 [AppRun.wrapped/liblinphone] MESSAGE Codec AAL2-G726-40/8000 fmtp=[] number=-1, default enablement: 0) added to the list of possible codecs.
2025-07-02 13:22:44:117 [AppRun.wrapped/liblinphone] MESSAGE Codec CODEC2/8000 fmtp=[] number=-1, default enablement: 0) added to the list of possible codecs.
2025-07-02 13:22:44:117 [AppRun.wrapped/liblinphone] MESSAGE Codec BV16/8000 fmtp=[] number=-1, default enablement: 0) added to the list of possible codecs.
2025-07-02 13:22:44:117 [AppRun.wrapped/liblinphone] MESSAGE Codec AV1/90000 fmtp=[] number=-1, default enablement: 1) added to the list of possible codecs.
2025-07-02 13:22:44:117 [AppRun.wrapped/liblinphone] MESSAGE Codec VP8/90000 fmtp=[] number=-1, default enablement: 1) added to the list of possible codecs.
2025-07-02 13:22:44:117 [AppRun.wrapped/liblinphone] MESSAGE Codec H264/90000 fmtp=[profile-level-id=42801F] number=-1, default enablement: 1) added to the list of possible codecs.
2025-07-02 13:22:44:117 [AppRun.wrapped/liblinphone] MESSAGE Codec H265/90000 fmtp=[] number=-1, default enablement: 1) added to the list of possible codecs.
2025-07-02 13:22:44:117 [AppRun.wrapped/liblinphone] MESSAGE Codec MP4V-ES/90000 fmtp=[profile-level-id=3] number=-1, default enablement: 1) added to the list of possible codecs.
2025-07-02 13:22:44:117 [AppRun.wrapped/liblinphone] MESSAGE Codec H263-1998/90000 fmtp=[CIF=1;QCIF=1] number=-1, default enablement: 0) added to the list of possible codecs.
2025-07-02 13:22:44:117 [AppRun.wrapped/liblinphone] MESSAGE Codec H263/90000 fmtp=[] number=34, default enablement: 0) added to the list of possible codecs.
2025-07-02 13:22:44:117 [AppRun.wrapped/liblinphone] MESSAGE Codec 1016/8000 fmtp=[] number=1, default enablement: 0) added to the list of possible codecs.
2025-07-02 13:22:44:117 [AppRun.wrapped/liblinphone] MESSAGE Codec G723/8000 fmtp=[] number=4, default enablement: 0) added to the list of possible codecs.
2025-07-02 13:22:44:117 [AppRun.wrapped/liblinphone] MESSAGE Codec LPC/8000 fmtp=[] number=7, default enablement: 0) added to the list of possible codecs.
2025-07-02 13:22:44:117 [AppRun.wrapped/liblinphone] MESSAGE Codec L16/44100 fmtp=[] number=10, default enablement: 0) added to the list of possible codecs.
2025-07-02 13:22:44:117 [AppRun.wrapped/liblinphone] MESSAGE Codec L16/44100 fmtp=[] number=11, default enablement: 0) added to the list of possible codecs.
2025-07-02 13:22:44:117 [AppRun.wrapped/liblinphone] MESSAGE Codec CN/8000 fmtp=[] number=13, default enablement: 0) added to the list of possible codecs.
2025-07-02 13:22:44:117 [AppRun.wrapped/liblinphone] MESSAGE Codec H261/90000 fmtp=[] number=31, default enablement: 0) added to the list of possible codecs.
2025-07-02 13:22:44:117 [AppRun.wrapped/liblinphone] MESSAGE Codec MPV/90000 fmtp=[] number=32, default enablement: 0) added to the list of possible codecs.
2025-07-02 13:22:44:119 [AppRun.wrapped/liblinphone] MESSAGE [vCard] Creating parser using 4.0 grammar (RFC 6350/6358)
2025-07-02 13:22:44:124 [AppRun.wrapped/bctbx] MESSAGE [BelCard] Loading vCard 4.0 grammar
2025-07-02 13:22:44:135 [AppRun.wrapped/mediastreamer] MESSAGE Loading ms plugins from [/tmp/.mount_LinphoZlJp4w/usr/lib/mediastreamer/plugins]
2025-07-02 13:22:44:135 [AppRun.wrapped/mediastreamer] MESSAGE Loading plugin /tmp/.mount_LinphoZlJp4w/usr/lib/mediastreamer/plugins/libmsopenh264.so...
2025-07-02 13:22:44:136 [AppRun.wrapped/mediastreamer] WARNING Fail to load plugin /tmp/.mount_LinphoZlJp4w/usr/lib/mediastreamer/plugins/libmsopenh264.so : libopenh264.so.6: cannot open shared object file: No such file or directory
2025-07-02 13:22:44:136 [AppRun.wrapped/mediastreamer] WARNING Could not locate init routine  of plugin libmsopenh264.so
2025-07-02 13:22:44:136 [AppRun.wrapped/mediastreamer] MESSAGE Loading plugin /tmp/.mount_LinphoZlJp4w/usr/lib/mediastreamer/plugins/libmsqogl.so...
2025-07-02 13:22:44:136 [AppRun.wrapped/mediastreamer] MESSAGE libmsqogl debug plugin loaded
2025-07-02 13:22:44:136 [AppRun.wrapped/mediastreamer] MESSAGE Plugin loaded (libmsqogl.so)
2025-07-02 13:22:44:136 [AppRun.wrapped/mediastreamer] MESSAGE Loading plugin /tmp/.mount_LinphoZlJp4w/usr/lib/mediastreamer/plugins/libmswebrtc.so...
2025-07-02 13:22:44:136 [AppRun.wrapped/bctbx] MESSAGE libmswebrtc 1.1.1 plugin loaded, iLBC codec version 1.1.1
2025-07-02 13:22:44:136 [AppRun.wrapped/mediastreamer] MESSAGE Plugin loaded (libmswebrtc.so)
2025-07-02 13:22:44:137 [AppRun.wrapped/liblinphone] MESSAGE linphone_core_set_playback_gain_db(): no active call.
2025-07-02 13:22:44:137 [AppRun.wrapped/liblinphone] MESSAGE linphone_core_enable_mic(): new state is [enabled], current state is [disabled]
2025-07-02 13:22:44:137 [AppRun.wrapped/liblinphone] MESSAGE linphone_core_set_mic_gain_db(): no active call.
2025-07-02 13:22:44:137 [AppRun.wrapped/liblinphone] MESSAGE Sal nat helper [enabled]
2025-07-02 13:22:44:137 [AppRun.wrapped/liblinphone] MESSAGE Sal use rports [enabled]
2025-07-02 13:22:44:137 [AppRun.wrapped/liblinphone] MESSAGE MTU is supposed to be 1300, rtp payload max size will be 1240
2025-07-02 13:22:44:139 [AppRun.wrapped/mediastreamer] MESSAGE Could not find encoder for SILK
2025-07-02 13:22:44:139 [AppRun.wrapped/mediastreamer] MESSAGE Could not find encoder for AMR
2025-07-02 13:22:44:139 [AppRun.wrapped/mediastreamer] MESSAGE Could not find encoder for AMR-WB
2025-07-02 13:22:44:139 [AppRun.wrapped/mediastreamer] MESSAGE Could not find encoder for mpeg4-generic
2025-07-02 13:22:44:139 [AppRun.wrapped/mediastreamer] MESSAGE Could not find encoder for mpeg4-generic
2025-07-02 13:22:44:139 [AppRun.wrapped/mediastreamer] MESSAGE Could not find encoder for mpeg4-generic
2025-07-02 13:22:44:139 [AppRun.wrapped/mediastreamer] MESSAGE Could not find encoder for mpeg4-generic
2025-07-02 13:22:44:139 [AppRun.wrapped/mediastreamer] MESSAGE Could not find encoder for mpeg4-generic
2025-07-02 13:22:44:139 [AppRun.wrapped/mediastreamer] MESSAGE Could not find encoder for iSAC
2025-07-02 13:22:44:139 [AppRun.wrapped/mediastreamer] MESSAGE Could not find encoder for SILK
2025-07-02 13:22:44:139 [AppRun.wrapped/mediastreamer] MESSAGE Could not find encoder for SILK
2025-07-02 13:22:44:139 [AppRun.wrapped/mediastreamer] MESSAGE Could not find encoder for SILK
2025-07-02 13:22:44:139 [AppRun.wrapped/mediastreamer] MESSAGE Could not find encoder for G726-16
2025-07-02 13:22:44:139 [AppRun.wrapped/mediastreamer] MESSAGE Could not find encoder for G726-24
2025-07-02 13:22:44:139 [AppRun.wrapped/mediastreamer] MESSAGE Could not find encoder for G726-32
2025-07-02 13:22:44:139 [AppRun.wrapped/mediastreamer] MESSAGE Could not find encoder for G726-40
2025-07-02 13:22:44:139 [AppRun.wrapped/mediastreamer] MESSAGE Could not find encoder for AAL2-G726-16
2025-07-02 13:22:44:139 [AppRun.wrapped/mediastreamer] MESSAGE Could not find encoder for AAL2-G726-24
2025-07-02 13:22:44:140 [AppRun.wrapped/mediastreamer] MESSAGE Could not find encoder for AAL2-G726-32
2025-07-02 13:22:44:140 [AppRun.wrapped/mediastreamer] MESSAGE Could not find encoder for AAL2-G726-40
2025-07-02 13:22:44:140 [AppRun.wrapped/mediastreamer] MESSAGE Could not find encoder for CODEC2
2025-07-02 13:22:44:140 [AppRun.wrapped/mediastreamer] MESSAGE Could not find encoder for 1016
2025-07-02 13:22:44:140 [AppRun.wrapped/mediastreamer] MESSAGE Could not find encoder for G723
2025-07-02 13:22:44:140 [AppRun.wrapped/mediastreamer] MESSAGE Could not find encoder for LPC
2025-07-02 13:22:44:140 [AppRun.wrapped/mediastreamer] MESSAGE Could not find encoder for CN
2025-07-02 13:22:44:140 [AppRun.wrapped/mediastreamer] MESSAGE Could not find encoder for H264
2025-07-02 13:22:44:140 [AppRun.wrapped/liblinphone] WARNING Codec H264/90000 read from conf is not supported by mediastreamer2, ignored.
2025-07-02 13:22:44:140 [AppRun.wrapped/mediastreamer] MESSAGE Could not find encoder for H264
2025-07-02 13:22:44:140 [AppRun.wrapped/mediastreamer] MESSAGE Could not find encoder for H265
2025-07-02 13:22:44:140 [AppRun.wrapped/mediastreamer] MESSAGE Could not find encoder for MP4V-ES
2025-07-02 13:22:44:140 [AppRun.wrapped/mediastreamer] MESSAGE Could not find encoder for H263-1998
2025-07-02 13:22:44:140 [AppRun.wrapped/mediastreamer] MESSAGE Could not find encoder for H263
2025-07-02 13:22:44:140 [AppRun.wrapped/mediastreamer] MESSAGE Could not find encoder for H261
2025-07-02 13:22:44:140 [AppRun.wrapped/mediastreamer] MESSAGE Could not find encoder for MPV
2025-07-02 13:22:44:140 [AppRun.wrapped/liblinphone] MESSAGE Supported codec red/1000 fmtp= automatically added to codec list.
2025-07-02 13:22:44:140 [AppRun.wrapped/liblinphone] MESSAGE Supported codec t140/1000 fmtp= automatically added to codec list.
2025-07-02 13:22:44:142 [AppRun.wrapped/liblinphone] MESSAGE Sorting video codec list, new list is:
2025-07-02 13:22:44:142 [AppRun.wrapped/liblinphone] MESSAGE AV1
2025-07-02 13:22:44:142 [AppRun.wrapped/liblinphone] MESSAGE VP8
2025-07-02 13:22:44:142 [AppRun.wrapped/liblinphone] MESSAGE Sal use rports [enabled]
2025-07-02 13:22:44:142 [AppRun.wrapped/belle-sip] MESSAGE belle_sip_stack_set_well_know_port() : set to [5060]
2025-07-02 13:22:44:142 [AppRun.wrapped/belle-sip] MESSAGE belle_sip_stack_set_well_know_port_tls() : set to [5061]
2025-07-02 13:22:44:142 [AppRun.wrapped/belle-sip] MESSAGE Root ca path set to /etc/ssl/certs
2025-07-02 13:22:44:145 [AppRun.wrapped/belle-sip] MESSAGE Root ca path set to /etc/ssl/certs
2025-07-02 13:22:44:145 [AppRun.wrapped/belle-sip] MESSAGE Root ca path set to /tmp/.mount_LinphoZlJp4w/usr/share/linphone/rootca.pem
2025-07-02 13:22:44:161 [AppRun.wrapped/liblinphone] MESSAGE Account [0x7bc6200ae350]  ("Navaneet" <sip:2017@192.168.1.254>) created with params
2025-07-02 13:22:44:161 [AppRun.wrapped/liblinphone] MESSAGE linphoneAccountIsServerConfigChanged : 0
2025-07-02 13:22:44:162 [AppRun.wrapped/liblinphone] MESSAGE Publish params have changed on Account [0x7bc6200ae350]  ("Navaneet" <sip:2017@192.168.1.254>)
2025-07-02 13:22:44:162 [AppRun.wrapped/liblinphone] MESSAGE Invalidating friends maps for list [0x7bc6200ab088]
2025-07-02 13:22:44:162 [AppRun.wrapped/liblinphone] MESSAGE Switching LinphoneCore [0x7bc620007790] from state LinphoneGlobalOff to LinphoneGlobalReady
2025-07-02 13:22:44:162 [AppRun.wrapped/liblinphone] MESSAGE Core callbacks [0x5cc654ac9b00] registered on core [0x7bc620007790]
2025-07-02 13:22:44:166 [AppRun.wrapped/liblinphone] MESSAGE Sal::unlistenPorts(): done
2025-07-02 13:22:44:166 [AppRun.wrapped/belle-sip] MESSAGE Creating listening point [0x7bc6200063d0] on [sip:[::0]:-2;transport=UDP]
2025-07-02 13:22:44:166 [AppRun.wrapped/belle-sip] MESSAGE Creating listening point [0x7bc62015d140] on [sip:[::0]:-2;transport=TCP]
2025-07-02 13:22:44:166 [AppRun.wrapped/belle-sip] MESSAGE Creating listening point [0x7bc62015d490] on [sip:[::0]:-2;transport=TLS]
2025-07-02 13:22:44:166 [AppRun.wrapped/belle-sip] MESSAGE Root ca path set to /etc/ssl/certs
2025-07-02 13:22:44:166 [AppRun.wrapped/belle-sip] MESSAGE Root ca path set to /etc/ssl/certs
2025-07-02 13:22:44:166 [AppRun.wrapped/belle-sip] MESSAGE Root ca path set to /tmp/.mount_LinphoZlJp4w/usr/share/linphone/rootca.pem
2025-07-02 13:22:44:166 [AppRun.wrapped/belle-sip] MESSAGE belle_sip_stack_set_ip_version_preference(): AF_INET6
2025-07-02 13:22:44:167 [AppRun.wrapped/liblinphone] MESSAGE Switching LinphoneCore [0x7bc620007790] from state LinphoneGlobalReady to LinphoneGlobalStartup
2025-07-02 13:22:44:167 [AppRun.wrapped/liblinphone] MESSAGE Loading linphone core plugins from ./lib/liblinphone/plugins
2025-07-02 13:22:44:167 [AppRun.wrapped/liblinphone] MESSAGE Cannot open directory ./lib/liblinphone/plugins: No such file or directory
2025-07-02 13:22:44:173 [AppRun.wrapped/liblinphone] MESSAGE [ToneManager] create ToneManager()
2025-07-02 13:22:44:180 [AppRun.wrapped/liblinphone] MESSAGE Using [/home/navaneet/.local/share/linphone//x3dh.c25519.sqlite3] as lime database path
2025-07-02 13:22:44:180 [AppRun.wrapped/liblinphone] MESSAGE [LIME] instanciate a LimeX3dhEncryption engine 0x7bc62015d9d0 - default server is [] and default curve [c25519] DB path: /home/navaneet/.local/share/linphone//x3dh.c25519.sqlite3
2025-07-02 13:22:44:206 [AppRun.wrapped/liblinphone] MESSAGE Using ["/home/navaneet/.local/share/linphone//linphone.db"] as default database path
2025-07-02 13:22:44:206 [AppRun.wrapped/liblinphone] MESSAGE Opening linphone database "/home/navaneet/.local/share/linphone//linphone.db" with backend Sqlite3
2025-07-02 13:22:44:212 [AppRun.wrapped/liblinphone] MESSAGE Event table version is 1.0.31
2025-07-02 13:22:44:230 [AppRun.wrapped/liblinphone] MESSAGE Friends table version is 1.0.1
2025-07-02 13:22:44:242 [AppRun.wrapped/liblinphone] MESSAGE Beginning loadChatRoms
2025-07-02 13:22:44:243 [AppRun.wrapped/liblinphone] MESSAGE Start measurement of [Get chat rooms.].
2025-07-02 13:22:44:247 [AppRun.wrapped/liblinphone] MESSAGE Duration of [Get chat rooms.]: 4ms.
2025-07-02 13:22:44:247 [AppRun.wrapped/liblinphone] MESSAGE End loadChatRoms
2025-07-02 13:22:44:251 [AppRun.wrapped/liblinphone] MESSAGE Start measurement of [Get friend lists.].
2025-07-02 13:22:44:251 [AppRun.wrapped/liblinphone] WARNING Unable to get valid core instance.
2025-07-02 13:22:44:256 [AppRun.wrapped/liblinphone] WARNING Unable to get valid core instance.
2025-07-02 13:22:44:257 [AppRun.wrapped/liblinphone] WARNING Unable to get valid core instance.
2025-07-02 13:22:44:257 [AppRun.wrapped/liblinphone] WARNING Unable to get valid core instance.
2025-07-02 13:22:44:257 [AppRun.wrapped/liblinphone] WARNING Unable to get valid core instance.
2025-07-02 13:22:44:257 [AppRun.wrapped/liblinphone] WARNING Unable to get valid core instance.
2025-07-02 13:22:44:257 [AppRun.wrapped/liblinphone] WARNING Unable to get valid core instance.
2025-07-02 13:22:44:257 [AppRun.wrapped/liblinphone] WARNING Unable to get valid core instance.
2025-07-02 13:22:44:257 [AppRun.wrapped/liblinphone] MESSAGE Duration of [Get friend lists.]: 6ms.
2025-07-02 13:22:44:271 [AppRun.wrapped/liblinphone] MESSAGE Fetched [2] friend lists from DB
2025-07-02 13:22:44:271 [AppRun.wrapped/liblinphone] MESSAGE Using [/home/navaneet/.local/share/linphone//call-history.db] as legacy call history database path
2025-07-02 13:22:44:272 [AppRun.wrapped/liblinphone] WARNING nothing to migrate, skipping...
2025-07-02 13:22:44:272 [AppRun.wrapped/liblinphone] MESSAGE Using [/home/navaneet/.local/share/linphone//zrtp-secrets.db] as default zrtp secrets database path
2025-07-02 13:22:44:272 [AppRun.wrapped/liblinphone] MESSAGE Using [/home/navaneet/.local/share/linphone/friends.db] as legacy friends database path
2025-07-02 13:22:44:272 [AppRun.wrapped/liblinphone] MESSAGE Using [/home/navaneet/.local/share/linphone/friends.db] file for friends database
2025-07-02 13:22:44:272 [AppRun.wrapped/belle-sip] MESSAGE Root ca path set to /tmp/.mount_LinphoZlJp4w/usr/share/linphone/rootca.pem
2025-07-02 13:22:44:273 [AppRun.wrapped/belle-sip] MESSAGE belle_sip_stack_force_name_addr(): forced=0
2025-07-02 13:22:44:273 [AppRun.wrapped/liblinphone] MESSAGE SIP network reachability state is now [UP]
2025-07-02 13:22:44:273 [AppRun.wrapped/liblinphone] MESSAGE Media network reachability state is now [UP]
2025-07-02 13:22:44:273 [AppRun.wrapped/liblinphone] MESSAGE Switching LinphoneCore [0x7bc620007790] from state LinphoneGlobalStartup to LinphoneGlobalConfiguring
2025-07-02 13:22:44:273 [AppRun.wrapped/liblinphone] MESSAGE Linphone core [0x7bc620007790] notified [global_state_changed]
2025-07-02 13:22:44:273 [AppRun.wrapped/liblinphone] MESSAGE Linphone core [0x7bc620007790] notified [configuring_status]
2025-07-02 13:22:44:273 [AppRun.wrapped/belle-sip] MESSAGE Listening point [0x7bc6200063d0] on [sip:[::0]:-2;transport=UDP] destroyed
2025-07-02 13:22:44:273 [AppRun.wrapped/belle-sip] MESSAGE Listening point [0x7bc62015d140] on [sip:[::0]:-2;transport=TCP] destroyed
2025-07-02 13:22:44:273 [AppRun.wrapped/belle-sip] MESSAGE Listening point [0x7bc62015d490] on [sip:[::0]:-2;transport=TLS] destroyed
2025-07-02 13:22:44:273 [AppRun.wrapped/liblinphone] MESSAGE Sal::unlistenPorts(): done
2025-07-02 13:22:44:273 [AppRun.wrapped/belle-sip] MESSAGE Creating listening point [0x7bc62015d910] on [sip:[::0]:-2;transport=UDP]
2025-07-02 13:22:44:273 [AppRun.wrapped/belle-sip] MESSAGE Creating listening point [0x7bc62015d140] on [sip:[::0]:-2;transport=TCP]
2025-07-02 13:22:44:273 [AppRun.wrapped/belle-sip] MESSAGE Creating listening point [0x7bc6201c7420] on [sip:[::0]:-2;transport=TLS]
2025-07-02 13:22:44:273 [AppRun.wrapped/belle-sip] MESSAGE Root ca path set to /etc/ssl/certs
2025-07-02 13:22:44:273 [AppRun.wrapped/belle-sip] MESSAGE Root ca path set to /etc/ssl/certs
2025-07-02 13:22:44:273 [AppRun.wrapped/belle-sip] MESSAGE Root ca path set to /tmp/.mount_LinphoZlJp4w/usr/share/linphone/rootca.pem
2025-07-02 13:22:44:273 [AppRun.wrapped/belle-sip] MESSAGE belle_sip_stack_set_ip_version_preference(): AF_INET6
2025-07-02 13:22:44:274 [AppRun.wrapped/liblinphone] MESSAGE Switching LinphoneCore [0x7bc620007790] from state LinphoneGlobalConfiguring to LinphoneGlobalOn
2025-07-02 13:22:44:274 [AppRun.wrapped/liblinphone] MESSAGE Linphone core [0x7bc620007790] notified [global_state_changed]
2025-07-02 13:22:44:274 [AppRun.wrapped/liblinphone] MESSAGE Updating friend list [0x7bc620032308] subscriptions
2025-07-02 13:22:44:274 [AppRun.wrapped/liblinphone] MESSAGE Updating friend list [0x7bc620032308](app_friends) subscriptions
2025-07-02 13:22:44:274 [AppRun.wrapped/liblinphone] MESSAGE Friend list [0x7bc620032308] subscription update skipped since dependant proxy config is not yet registered
2025-07-02 13:22:44:274 [AppRun.wrapped/liblinphone] MESSAGE Updating friend list [0x7bc6201cfb78] subscriptions
2025-07-02 13:22:44:274 [AppRun.wrapped/liblinphone] MESSAGE Updating friend list [0x7bc6201cfb78](ldap_friends) subscriptions
2025-07-02 13:22:44:274 [AppRun.wrapped/liblinphone] MESSAGE Friend list [0x7bc6201cfb78] subscription update skipped since dependant proxy config is not yet registered
2025-07-02 13:22:44:274 [AppRun.wrapped/liblinphone] MESSAGE linphone_core_set_mic_gain_db(): no active call.
2025-07-02 13:22:44:274 [AppRun.wrapped/liblinphone] MESSAGE linphone_core_set_playback_gain_db(): no active call.
2025-07-02 13:22:44:284 [AppRun.wrapped/mediastreamer] MESSAGE Loading ms plugins from [/tmp/.mount_LinphoZlJp4w/usr/lib/mediastreamer/plugins]
2025-07-02 13:22:44:285 [AppRun.wrapped/mediastreamer] MESSAGE Loading plugin /tmp/.mount_LinphoZlJp4w/usr/lib/mediastreamer/plugins/libmsopenh264.so...
2025-07-02 13:22:44:286 [AppRun.wrapped/bctbx] MESSAGE msopenh264-1.2.1 plugin registered.
2025-07-02 13:22:44:286 [AppRun.wrapped/mediastreamer] MESSAGE Plugin loaded (libmsopenh264.so)
2025-07-02 13:22:44:286 [AppRun.wrapped/mediastreamer] MESSAGE Loading plugin /tmp/.mount_LinphoZlJp4w/usr/lib/mediastreamer/plugins/libmsqogl.so...
2025-07-02 13:22:44:286 [AppRun.wrapped/mediastreamer] MESSAGE libmsqogl debug plugin loaded
2025-07-02 13:22:44:286 [AppRun.wrapped/mediastreamer] MESSAGE Plugin loaded (libmsqogl.so)
2025-07-02 13:22:44:286 [AppRun.wrapped/mediastreamer] MESSAGE Loading plugin /tmp/.mount_LinphoZlJp4w/usr/lib/mediastreamer/plugins/libmswebrtc.so...
2025-07-02 13:22:44:286 [AppRun.wrapped/bctbx] MESSAGE libmswebrtc 1.1.1 plugin loaded, iLBC codec version 1.1.1
2025-07-02 13:22:44:286 [AppRun.wrapped/mediastreamer] MESSAGE Plugin loaded (libmswebrtc.so)
2025-07-02 13:22:44:286 [AppRun.wrapped/mediastreamer] MESSAGE Could not find encoder for SILK
2025-07-02 13:22:44:286 [AppRun.wrapped/mediastreamer] MESSAGE Could not find encoder for AMR
2025-07-02 13:22:44:286 [AppRun.wrapped/mediastreamer] MESSAGE Could not find encoder for AMR-WB
2025-07-02 13:22:44:286 [AppRun.wrapped/mediastreamer] MESSAGE Could not find encoder for mpeg4-generic
2025-07-02 13:22:44:286 [AppRun.wrapped/mediastreamer] MESSAGE Could not find encoder for mpeg4-generic
2025-07-02 13:22:44:286 [AppRun.wrapped/mediastreamer] MESSAGE Could not find encoder for mpeg4-generic
2025-07-02 13:22:44:286 [AppRun.wrapped/mediastreamer] MESSAGE Could not find encoder for mpeg4-generic
2025-07-02 13:22:44:286 [AppRun.wrapped/mediastreamer] MESSAGE Could not find encoder for mpeg4-generic
2025-07-02 13:22:44:286 [AppRun.wrapped/mediastreamer] MESSAGE Could not find encoder for iSAC
2025-07-02 13:22:44:286 [AppRun.wrapped/mediastreamer] MESSAGE Could not find encoder for SILK
2025-07-02 13:22:44:286 [AppRun.wrapped/mediastreamer] MESSAGE Could not find encoder for SILK
2025-07-02 13:22:44:286 [AppRun.wrapped/mediastreamer] MESSAGE Could not find encoder for SILK
2025-07-02 13:22:44:286 [AppRun.wrapped/mediastreamer] MESSAGE Could not find encoder for G726-16
2025-07-02 13:22:44:286 [AppRun.wrapped/mediastreamer] MESSAGE Could not find encoder for G726-24
2025-07-02 13:22:44:286 [AppRun.wrapped/mediastreamer] MESSAGE Could not find encoder for G726-32
2025-07-02 13:22:44:286 [AppRun.wrapped/mediastreamer] MESSAGE Could not find encoder for G726-40
2025-07-02 13:22:44:286 [AppRun.wrapped/mediastreamer] MESSAGE Could not find encoder for AAL2-G726-16
2025-07-02 13:22:44:286 [AppRun.wrapped/mediastreamer] MESSAGE Could not find encoder for AAL2-G726-24
2025-07-02 13:22:44:286 [AppRun.wrapped/mediastreamer] MESSAGE Could not find encoder for AAL2-G726-32
2025-07-02 13:22:44:286 [AppRun.wrapped/mediastreamer] MESSAGE Could not find encoder for AAL2-G726-40
2025-07-02 13:22:44:286 [AppRun.wrapped/mediastreamer] MESSAGE Could not find encoder for CODEC2
2025-07-02 13:22:44:286 [AppRun.wrapped/mediastreamer] MESSAGE Could not find encoder for 1016
2025-07-02 13:22:44:286 [AppRun.wrapped/mediastreamer] MESSAGE Could not find encoder for G723
2025-07-02 13:22:44:286 [AppRun.wrapped/mediastreamer] MESSAGE Could not find encoder for LPC
2025-07-02 13:22:44:286 [AppRun.wrapped/mediastreamer] MESSAGE Could not find encoder for CN
2025-07-02 13:22:44:286 [AppRun.wrapped/mediastreamer] MESSAGE Could not find encoder for H265
2025-07-02 13:22:44:286 [AppRun.wrapped/mediastreamer] MESSAGE Could not find encoder for MP4V-ES
2025-07-02 13:22:44:286 [AppRun.wrapped/mediastreamer] MESSAGE Could not find encoder for H263-1998
2025-07-02 13:22:44:286 [AppRun.wrapped/mediastreamer] MESSAGE Could not find encoder for H263
2025-07-02 13:22:44:286 [AppRun.wrapped/mediastreamer] MESSAGE Could not find encoder for H261
2025-07-02 13:22:44:286 [AppRun.wrapped/mediastreamer] MESSAGE Could not find encoder for MPV
2025-07-02 13:22:44:286 [AppRun.wrapped/liblinphone] MESSAGE Supported codec red/1000 fmtp= automatically added to codec list.
2025-07-02 13:22:44:286 [AppRun.wrapped/liblinphone] MESSAGE Supported codec t140/1000 fmtp= automatically added to codec list.
2025-07-02 13:22:44:286 [AppRun.wrapped/liblinphone] MESSAGE Sorting video codec list, new list is:
2025-07-02 13:22:44:286 [AppRun.wrapped/liblinphone] MESSAGE AV1
2025-07-02 13:22:44:286 [AppRun.wrapped/liblinphone] MESSAGE H264
2025-07-02 13:22:44:286 [AppRun.wrapped/liblinphone] MESSAGE VP8
2025-07-07 19:32:17:465 [AppRun.wrapped/liblinphone] MESSAGE Using (r/w) config information from /home/navaneet/.config/linphone/linphonerc
2025-07-07 19:32:17:466 [AppRun.wrapped/liblinphone] MESSAGE Reading config information from /tmp/.mount_LinphomYTcQ1/usr/share/linphone/linphonerc-factory
2025-07-07 19:32:17:519 [AppRun.wrapped/liblinphone] MESSAGE Initializing LinphoneCore 5.4.18
2025-07-07 19:32:17:529 [AppRun.wrapped/liblinphone] MESSAGE Sal nat helper [enabled]
2025-07-07 19:32:17:552 [AppRun.wrapped/mediastreamer] MESSAGE Mediastreamer2 factory 5.4.0 (git: unknown) initialized.
2025-07-07 19:32:17:552 [AppRun.wrapped/mediastreamer] MESSAGE CPU count set to 12
2025-07-07 19:32:17:552 [AppRun.wrapped/mediastreamer] MESSAGE ms_factory_init() done: platform_tags=linux,x86,desktop
2025-07-07 19:32:17:556 [AppRun.wrapped/mediastreamer] MESSAGE srtp init
2025-07-07 19:32:17:564 [AppRun.wrapped/mediastreamer] MESSAGE Registering all soundcard handlers
2025-07-07 19:32:17:569 [AppRun.wrapped/mediastreamer] MESSAGE New PulseAudio context state: PA_CONTEXT_CONNECTING
2025-07-07 19:32:17:571 [AppRun.wrapped/mediastreamer] MESSAGE New PulseAudio context state: PA_CONTEXT_AUTHORIZING
2025-07-07 19:32:17:572 [AppRun.wrapped/mediastreamer] MESSAGE New PulseAudio context state: PA_CONTEXT_SETTING_NAME
2025-07-07 19:32:17:577 [AppRun.wrapped/mediastreamer] MESSAGE New PulseAudio context state: PA_CONTEXT_READY
2025-07-07 19:32:17:578 [AppRun.wrapped/mediastreamer] MESSAGE Card 'PulseAudio: Built-in Audio Analog Stereo [Unknown]' added with capabilities [capture, playback]
2025-07-07 19:32:17:606 [AppRun.wrapped/mediastreamer] MESSAGE Card 'ALSA: default [Unknown]' added with capabilities [capture, playback]
2025-07-07 19:32:17:607 [AppRun.wrapped/mediastreamer] MESSAGE ALSA: found card with name [HDA Intel PCH], long name [HDA Intel PCH at 0x6001150000 irq 160].
2025-07-07 19:32:17:665 [AppRun.wrapped/mediastreamer] MESSAGE Card 'ALSA: HDA Intel PCH [Unknown]' added with capabilities [capture, playback]
2025-07-07 19:32:17:665 [AppRun.wrapped/mediastreamer] MESSAGE Registering all webcam handlers
2025-07-07 19:32:17:764 [AppRun.wrapped/mediastreamer] MESSAGE Webcam V4L2: /dev/video0 added
2025-07-07 19:32:17:764 [AppRun.wrapped/mediastreamer] MESSAGE [MSV4l2] Ignored /dev/video1, not a capture device.
2025-07-07 19:32:17:769 [AppRun.wrapped/mediastreamer] MESSAGE Webcam StaticImage: Static picture added
2025-07-07 19:32:17:769 [AppRun.wrapped/mediastreamer] MESSAGE ms_factory_init_voip() done
2025-07-07 19:32:17:769 [AppRun.wrapped/mediastreamer] MESSAGE Loading ms plugins from [/tmp/.mount_LinphomYTcQ1/usr/lib/mediastreamer/plugins]
2025-07-07 19:32:17:769 [AppRun.wrapped/mediastreamer] MESSAGE Loading plugin /tmp/.mount_LinphomYTcQ1/usr/lib/mediastreamer/plugins/libmsopenh264.so...
2025-07-07 19:32:17:774 [AppRun.wrapped/mediastreamer] WARNING Fail to load plugin /tmp/.mount_LinphomYTcQ1/usr/lib/mediastreamer/plugins/libmsopenh264.so : libopenh264.so.6: cannot open shared object file: No such file or directory
2025-07-07 19:32:17:774 [AppRun.wrapped/mediastreamer] WARNING Could not locate init routine  of plugin libmsopenh264.so
2025-07-07 19:32:17:774 [AppRun.wrapped/mediastreamer] MESSAGE Loading plugin /tmp/.mount_LinphomYTcQ1/usr/lib/mediastreamer/plugins/libmsqogl.so...
2025-07-07 19:32:17:778 [AppRun.wrapped/mediastreamer] MESSAGE libmsqogl debug plugin loaded
2025-07-07 19:32:17:778 [AppRun.wrapped/mediastreamer] MESSAGE Plugin loaded (libmsqogl.so)
2025-07-07 19:32:17:778 [AppRun.wrapped/mediastreamer] MESSAGE Loading plugin /tmp/.mount_LinphomYTcQ1/usr/lib/mediastreamer/plugins/libmswebrtc.so...
2025-07-07 19:32:17:792 [AppRun.wrapped/bctbx] MESSAGE libmswebrtc 1.1.1 plugin loaded, iLBC codec version 1.1.1
2025-07-07 19:32:17:792 [AppRun.wrapped/mediastreamer] MESSAGE Plugin loaded (libmswebrtc.so)
2025-07-07 19:32:17:792 [AppRun.wrapped/liblinphone] MESSAGE Core callbacks [0x73461c055070] registered on core [0x73461c007670]
2025-07-07 19:32:17:793 [AppRun.wrapped/ortp] MESSAGE oRTP-5.4.0 initialized with Atomic protection.
2025-07-07 19:32:17:793 [AppRun.wrapped/liblinphone] MESSAGE Codec opus/48000 fmtp=[useinbandfec=1] number=-1, default enablement: 1) added to the list of possible codecs.
2025-07-07 19:32:17:793 [AppRun.wrapped/liblinphone] MESSAGE Codec SILK/16000 fmtp=[] number=-1, default enablement: 1) added to the list of possible codecs.
2025-07-07 19:32:17:793 [AppRun.wrapped/liblinphone] MESSAGE Codec speex/16000 fmtp=[vbr=on] number=-1, default enablement: 1) added to the list of possible codecs.
2025-07-07 19:32:17:793 [AppRun.wrapped/liblinphone] MESSAGE Codec speex/8000 fmtp=[vbr=on] number=-1, default enablement: 1) added to the list of possible codecs.
2025-07-07 19:32:17:793 [AppRun.wrapped/liblinphone] MESSAGE Codec PCMU/8000 fmtp=[] number=0, default enablement: 1) added to the list of possible codecs.
2025-07-07 19:32:17:793 [AppRun.wrapped/liblinphone] MESSAGE Codec PCMA/8000 fmtp=[] number=8, default enablement: 1) added to the list of possible codecs.
2025-07-07 19:32:17:793 [AppRun.wrapped/liblinphone] MESSAGE Codec red/1000 fmtp=[] number=-1, default enablement: 1) added to the list of possible codecs.
2025-07-07 19:32:17:793 [AppRun.wrapped/liblinphone] MESSAGE Codec t140/1000 fmtp=[] number=-1, default enablement: 1) added to the list of possible codecs.
2025-07-07 19:32:17:793 [AppRun.wrapped/liblinphone] MESSAGE Codec GSM/8000 fmtp=[] number=3, default enablement: 0) added to the list of possible codecs.
2025-07-07 19:32:17:793 [AppRun.wrapped/liblinphone] MESSAGE Codec G722/8000 fmtp=[] number=9, default enablement: 0) added to the list of possible codecs.
2025-07-07 19:32:17:793 [AppRun.wrapped/liblinphone] MESSAGE Codec iLBC/8000 fmtp=[mode=30] number=-1, default enablement: 0) added to the list of possible codecs.
2025-07-07 19:32:17:793 [AppRun.wrapped/liblinphone] MESSAGE Codec AMR/8000 fmtp=[octet-align=1] number=-1, default enablement: 0) added to the list of possible codecs.
2025-07-07 19:32:17:793 [AppRun.wrapped/liblinphone] MESSAGE Codec AMR-WB/16000 fmtp=[octet-align=1] number=-1, default enablement: 0) added to the list of possible codecs.
2025-07-07 19:32:17:793 [AppRun.wrapped/liblinphone] MESSAGE Codec G729/8000 fmtp=[annexb=yes] number=18, default enablement: 1) added to the list of possible codecs.
2025-07-07 19:32:17:793 [AppRun.wrapped/liblinphone] MESSAGE Codec mpeg4-generic/16000 fmtp=[config=F8EE2000; constantDuration=512; indexDeltaLength=3; indexLength=3; mode=AAC-hbr; profile-level-id=76; sizeLength=13; streamType=5] number=-1, default enablement: 0) added to the list of possible codecs.
2025-07-07 19:32:17:793 [AppRun.wrapped/liblinphone] MESSAGE Codec mpeg4-generic/22050 fmtp=[config=F8EE2000; constantDuration=512; indexDeltaLength=3; indexLength=3; mode=AAC-hbr; profile-level-id=76; sizeLength=13; streamType=5] number=-1, default enablement: 0) added to the list of possible codecs.
2025-07-07 19:32:17:793 [AppRun.wrapped/liblinphone] MESSAGE Codec mpeg4-generic/32000 fmtp=[config=F8E82000; constantDuration=512; indexDeltaLength=3; indexLength=3; mode=AAC-hbr; profile-level-id=76; sizeLength=13; streamType=5] number=-1, default enablement: 0) added to the list of possible codecs.
2025-07-07 19:32:17:793 [AppRun.wrapped/liblinphone] MESSAGE Codec mpeg4-generic/44100 fmtp=[config=F8E82000; constantDuration=512; indexDeltaLength=3; indexLength=3; mode=AAC-hbr; profile-level-id=76; sizeLength=13; streamType=5] number=-1, default enablement: 0) added to the list of possible codecs.
2025-07-07 19:32:17:793 [AppRun.wrapped/liblinphone] MESSAGE Codec mpeg4-generic/48000 fmtp=[config=F8EE2000; constantDuration=512; indexDeltaLength=3; indexLength=3; mode=AAC-hbr; profile-level-id=76; sizeLength=13; streamType=5] number=-1, default enablement: 0) added to the list of possible codecs.
2025-07-07 19:32:17:793 [AppRun.wrapped/liblinphone] MESSAGE Codec iSAC/16000 fmtp=[] number=-1, default enablement: 0) added to the list of possible codecs.
2025-07-07 19:32:17:793 [AppRun.wrapped/liblinphone] MESSAGE Codec speex/32000 fmtp=[vbr=on] number=-1, default enablement: 0) added to the list of possible codecs.
2025-07-07 19:32:17:793 [AppRun.wrapped/liblinphone] MESSAGE Codec SILK/8000 fmtp=[] number=-1, default enablement: 0) added to the list of possible codecs.
2025-07-07 19:32:17:793 [AppRun.wrapped/liblinphone] MESSAGE Codec SILK/12000 fmtp=[] number=-1, default enablement: 0) added to the list of possible codecs.
2025-07-07 19:32:17:793 [AppRun.wrapped/liblinphone] MESSAGE Codec SILK/24000 fmtp=[] number=-1, default enablement: 0) added to the list of possible codecs.
2025-07-07 19:32:17:793 [AppRun.wrapped/liblinphone] MESSAGE Codec G726-16/8000 fmtp=[] number=-1, default enablement: 0) added to the list of possible codecs.
2025-07-07 19:32:17:793 [AppRun.wrapped/liblinphone] MESSAGE Codec G726-24/8000 fmtp=[] number=-1, default enablement: 0) added to the list of possible codecs.
2025-07-07 19:32:17:793 [AppRun.wrapped/liblinphone] MESSAGE Codec G726-32/8000 fmtp=[] number=-1, default enablement: 0) added to the list of possible codecs.
2025-07-07 19:32:17:794 [AppRun.wrapped/liblinphone] MESSAGE Codec G726-40/8000 fmtp=[] number=-1, default enablement: 0) added to the list of possible codecs.
2025-07-07 19:32:17:794 [AppRun.wrapped/liblinphone] MESSAGE Codec AAL2-G726-16/8000 fmtp=[] number=-1, default enablement: 0) added to the list of possible codecs.
2025-07-07 19:32:17:794 [AppRun.wrapped/liblinphone] MESSAGE Codec AAL2-G726-24/8000 fmtp=[] number=-1, default enablement: 0) added to the list of possible codecs.
2025-07-07 19:32:17:794 [AppRun.wrapped/liblinphone] MESSAGE Codec AAL2-G726-32/8000 fmtp=[] number=-1, default enablement: 0) added to the list of possible codecs.
2025-07-07 19:32:17:794 [AppRun.wrapped/liblinphone] MESSAGE Codec AAL2-G726-40/8000 fmtp=[] number=-1, default enablement: 0) added to the list of possible codecs.
2025-07-07 19:32:17:794 [AppRun.wrapped/liblinphone] MESSAGE Codec CODEC2/8000 fmtp=[] number=-1, default enablement: 0) added to the list of possible codecs.
2025-07-07 19:32:17:794 [AppRun.wrapped/liblinphone] MESSAGE Codec BV16/8000 fmtp=[] number=-1, default enablement: 0) added to the list of possible codecs.
2025-07-07 19:32:17:794 [AppRun.wrapped/liblinphone] MESSAGE Codec AV1/90000 fmtp=[] number=-1, default enablement: 1) added to the list of possible codecs.
2025-07-07 19:32:17:794 [AppRun.wrapped/liblinphone] MESSAGE Codec VP8/90000 fmtp=[] number=-1, default enablement: 1) added to the list of possible codecs.
2025-07-07 19:32:17:794 [AppRun.wrapped/liblinphone] MESSAGE Codec H264/90000 fmtp=[profile-level-id=42801F] number=-1, default enablement: 1) added to the list of possible codecs.
2025-07-07 19:32:17:794 [AppRun.wrapped/liblinphone] MESSAGE Codec H265/90000 fmtp=[] number=-1, default enablement: 1) added to the list of possible codecs.
2025-07-07 19:32:17:794 [AppRun.wrapped/liblinphone] MESSAGE Codec MP4V-ES/90000 fmtp=[profile-level-id=3] number=-1, default enablement: 1) added to the list of possible codecs.
2025-07-07 19:32:17:794 [AppRun.wrapped/liblinphone] MESSAGE Codec H263-1998/90000 fmtp=[CIF=1;QCIF=1] number=-1, default enablement: 0) added to the list of possible codecs.
2025-07-07 19:32:17:794 [AppRun.wrapped/liblinphone] MESSAGE Codec H263/90000 fmtp=[] number=34, default enablement: 0) added to the list of possible codecs.
2025-07-07 19:32:17:794 [AppRun.wrapped/liblinphone] MESSAGE Codec 1016/8000 fmtp=[] number=1, default enablement: 0) added to the list of possible codecs.
2025-07-07 19:32:17:794 [AppRun.wrapped/liblinphone] MESSAGE Codec G723/8000 fmtp=[] number=4, default enablement: 0) added to the list of possible codecs.
2025-07-07 19:32:17:794 [AppRun.wrapped/liblinphone] MESSAGE Codec LPC/8000 fmtp=[] number=7, default enablement: 0) added to the list of possible codecs.
2025-07-07 19:32:17:794 [AppRun.wrapped/liblinphone] MESSAGE Codec L16/44100 fmtp=[] number=10, default enablement: 0) added to the list of possible codecs.
2025-07-07 19:32:17:794 [AppRun.wrapped/liblinphone] MESSAGE Codec L16/44100 fmtp=[] number=11, default enablement: 0) added to the list of possible codecs.
2025-07-07 19:32:17:794 [AppRun.wrapped/liblinphone] MESSAGE Codec CN/8000 fmtp=[] number=13, default enablement: 0) added to the list of possible codecs.
2025-07-07 19:32:17:794 [AppRun.wrapped/liblinphone] MESSAGE Codec H261/90000 fmtp=[] number=31, default enablement: 0) added to the list of possible codecs.
2025-07-07 19:32:17:794 [AppRun.wrapped/liblinphone] MESSAGE Codec MPV/90000 fmtp=[] number=32, default enablement: 0) added to the list of possible codecs.
2025-07-07 19:32:17:795 [AppRun.wrapped/liblinphone] MESSAGE [vCard] Creating parser using 4.0 grammar (RFC 6350/6358)
2025-07-07 19:32:17:799 [AppRun.wrapped/bctbx] MESSAGE [BelCard] Loading vCard 4.0 grammar
2025-07-07 19:32:17:808 [AppRun.wrapped/mediastreamer] MESSAGE Loading ms plugins from [/tmp/.mount_LinphomYTcQ1/usr/lib/mediastreamer/plugins]
2025-07-07 19:32:17:809 [AppRun.wrapped/mediastreamer] MESSAGE Loading plugin /tmp/.mount_LinphomYTcQ1/usr/lib/mediastreamer/plugins/libmsopenh264.so...
2025-07-07 19:32:17:809 [AppRun.wrapped/mediastreamer] WARNING Fail to load plugin /tmp/.mount_LinphomYTcQ1/usr/lib/mediastreamer/plugins/libmsopenh264.so : libopenh264.so.6: cannot open shared object file: No such file or directory
2025-07-07 19:32:17:809 [AppRun.wrapped/mediastreamer] WARNING Could not locate init routine  of plugin libmsopenh264.so
2025-07-07 19:32:17:810 [AppRun.wrapped/mediastreamer] MESSAGE Loading plugin /tmp/.mount_LinphomYTcQ1/usr/lib/mediastreamer/plugins/libmsqogl.so...
2025-07-07 19:32:17:810 [AppRun.wrapped/mediastreamer] MESSAGE libmsqogl debug plugin loaded
2025-07-07 19:32:17:810 [AppRun.wrapped/mediastreamer] MESSAGE Plugin loaded (libmsqogl.so)
2025-07-07 19:32:17:810 [AppRun.wrapped/mediastreamer] MESSAGE Loading plugin /tmp/.mount_LinphomYTcQ1/usr/lib/mediastreamer/plugins/libmswebrtc.so...
2025-07-07 19:32:17:810 [AppRun.wrapped/bctbx] MESSAGE libmswebrtc 1.1.1 plugin loaded, iLBC codec version 1.1.1
2025-07-07 19:32:17:810 [AppRun.wrapped/mediastreamer] MESSAGE Plugin loaded (libmswebrtc.so)
2025-07-07 19:32:17:810 [AppRun.wrapped/liblinphone] MESSAGE linphone_core_set_playback_gain_db(): no active call.
2025-07-07 19:32:17:810 [AppRun.wrapped/liblinphone] MESSAGE linphone_core_enable_mic(): new state is [enabled], current state is [disabled]
2025-07-07 19:32:17:810 [AppRun.wrapped/liblinphone] MESSAGE linphone_core_set_mic_gain_db(): no active call.
2025-07-07 19:32:17:810 [AppRun.wrapped/liblinphone] MESSAGE Sal nat helper [enabled]
2025-07-07 19:32:17:810 [AppRun.wrapped/liblinphone] MESSAGE Sal use rports [enabled]
2025-07-07 19:32:17:810 [AppRun.wrapped/liblinphone] MESSAGE MTU is supposed to be 1300, rtp payload max size will be 1240
2025-07-07 19:32:17:812 [AppRun.wrapped/mediastreamer] MESSAGE Could not find encoder for SILK
2025-07-07 19:32:17:812 [AppRun.wrapped/mediastreamer] MESSAGE Could not find encoder for AMR
2025-07-07 19:32:17:812 [AppRun.wrapped/mediastreamer] MESSAGE Could not find encoder for AMR-WB
2025-07-07 19:32:17:812 [AppRun.wrapped/mediastreamer] MESSAGE Could not find encoder for mpeg4-generic
2025-07-07 19:32:17:812 [AppRun.wrapped/mediastreamer] MESSAGE Could not find encoder for mpeg4-generic
2025-07-07 19:32:17:812 [AppRun.wrapped/mediastreamer] MESSAGE Could not find encoder for mpeg4-generic
2025-07-07 19:32:17:812 [AppRun.wrapped/mediastreamer] MESSAGE Could not find encoder for mpeg4-generic
2025-07-07 19:32:17:812 [AppRun.wrapped/mediastreamer] MESSAGE Could not find encoder for mpeg4-generic
2025-07-07 19:32:17:812 [AppRun.wrapped/mediastreamer] MESSAGE Could not find encoder for iSAC
2025-07-07 19:32:17:812 [AppRun.wrapped/mediastreamer] MESSAGE Could not find encoder for SILK
2025-07-07 19:32:17:812 [AppRun.wrapped/mediastreamer] MESSAGE Could not find encoder for SILK
2025-07-07 19:32:17:812 [AppRun.wrapped/mediastreamer] MESSAGE Could not find encoder for SILK
2025-07-07 19:32:17:812 [AppRun.wrapped/mediastreamer] MESSAGE Could not find encoder for G726-16
2025-07-07 19:32:17:812 [AppRun.wrapped/mediastreamer] MESSAGE Could not find encoder for G726-24
2025-07-07 19:32:17:812 [AppRun.wrapped/mediastreamer] MESSAGE Could not find encoder for G726-32
2025-07-07 19:32:17:812 [AppRun.wrapped/mediastreamer] MESSAGE Could not find encoder for G726-40
2025-07-07 19:32:17:812 [AppRun.wrapped/mediastreamer] MESSAGE Could not find encoder for AAL2-G726-16
2025-07-07 19:32:17:812 [AppRun.wrapped/mediastreamer] MESSAGE Could not find encoder for AAL2-G726-24
2025-07-07 19:32:17:812 [AppRun.wrapped/mediastreamer] MESSAGE Could not find encoder for AAL2-G726-32
2025-07-07 19:32:17:812 [AppRun.wrapped/mediastreamer] MESSAGE Could not find encoder for AAL2-G726-40
2025-07-07 19:32:17:812 [AppRun.wrapped/mediastreamer] MESSAGE Could not find encoder for CODEC2
2025-07-07 19:32:17:812 [AppRun.wrapped/mediastreamer] MESSAGE Could not find encoder for 1016
2025-07-07 19:32:17:812 [AppRun.wrapped/mediastreamer] MESSAGE Could not find encoder for G723
2025-07-07 19:32:17:812 [AppRun.wrapped/mediastreamer] MESSAGE Could not find encoder for LPC
2025-07-07 19:32:17:812 [AppRun.wrapped/mediastreamer] MESSAGE Could not find encoder for CN
2025-07-07 19:32:17:812 [AppRun.wrapped/mediastreamer] MESSAGE Could not find encoder for H264
2025-07-07 19:32:17:812 [AppRun.wrapped/liblinphone] WARNING Codec H264/90000 read from conf is not supported by mediastreamer2, ignored.
2025-07-07 19:32:17:812 [AppRun.wrapped/mediastreamer] MESSAGE Could not find encoder for H264
2025-07-07 19:32:17:812 [AppRun.wrapped/mediastreamer] MESSAGE Could not find encoder for H265
2025-07-07 19:32:17:812 [AppRun.wrapped/mediastreamer] MESSAGE Could not find encoder for MP4V-ES
2025-07-07 19:32:17:812 [AppRun.wrapped/mediastreamer] MESSAGE Could not find encoder for H263-1998
2025-07-07 19:32:17:812 [AppRun.wrapped/mediastreamer] MESSAGE Could not find encoder for H263
2025-07-07 19:32:17:812 [AppRun.wrapped/mediastreamer] MESSAGE Could not find encoder for H261
2025-07-07 19:32:17:812 [AppRun.wrapped/mediastreamer] MESSAGE Could not find encoder for MPV
2025-07-07 19:32:17:812 [AppRun.wrapped/liblinphone] MESSAGE Supported codec red/1000 fmtp= automatically added to codec list.
2025-07-07 19:32:17:812 [AppRun.wrapped/liblinphone] MESSAGE Supported codec t140/1000 fmtp= automatically added to codec list.
2025-07-07 19:32:17:814 [AppRun.wrapped/liblinphone] MESSAGE Sorting video codec list, new list is:
2025-07-07 19:32:17:814 [AppRun.wrapped/liblinphone] MESSAGE AV1
2025-07-07 19:32:17:814 [AppRun.wrapped/liblinphone] MESSAGE VP8
2025-07-07 19:32:17:814 [AppRun.wrapped/liblinphone] MESSAGE Sal use rports [enabled]
2025-07-07 19:32:17:814 [AppRun.wrapped/belle-sip] MESSAGE belle_sip_stack_set_well_know_port() : set to [5060]
2025-07-07 19:32:17:814 [AppRun.wrapped/belle-sip] MESSAGE belle_sip_stack_set_well_know_port_tls() : set to [5061]
2025-07-07 19:32:17:814 [AppRun.wrapped/belle-sip] MESSAGE Root ca path set to /etc/ssl/certs
2025-07-07 19:32:17:816 [AppRun.wrapped/belle-sip] MESSAGE Root ca path set to /etc/ssl/certs
2025-07-07 19:32:17:816 [AppRun.wrapped/belle-sip] MESSAGE Root ca path set to /tmp/.mount_LinphomYTcQ1/usr/share/linphone/rootca.pem
2025-07-07 19:32:17:830 [AppRun.wrapped/liblinphone] MESSAGE Account [0x73461c0ae130]  ("Navaneet R Rao" <sip:2018@192.168.1.254>) created with params
2025-07-07 19:32:17:830 [AppRun.wrapped/liblinphone] MESSAGE linphoneAccountIsServerConfigChanged : 0
2025-07-07 19:32:17:830 [AppRun.wrapped/liblinphone] MESSAGE Publish params have changed on Account [0x73461c0ae130]  ("Navaneet R Rao" <sip:2018@192.168.1.254>)
2025-07-07 19:32:17:830 [AppRun.wrapped/liblinphone] MESSAGE Invalidating friends maps for list [0x73461c0aafd8]
2025-07-07 19:32:17:830 [AppRun.wrapped/liblinphone] ERROR Given algorithm is not correct. Set algorithm failed
2025-07-07 19:32:17:830 [AppRun.wrapped/liblinphone] ERROR Given algorithm is not correct. Add algorithm failed
2025-07-07 19:32:17:830 [AppRun.wrapped/liblinphone] MESSAGE Switching LinphoneCore [0x73461c007670] from state LinphoneGlobalOff to LinphoneGlobalReady
2025-07-07 19:32:17:830 [AppRun.wrapped/liblinphone] MESSAGE Core callbacks [0x618b7443ad80] registered on core [0x73461c007670]
2025-07-07 19:32:17:834 [AppRun.wrapped/liblinphone] MESSAGE Sal::unlistenPorts(): done
2025-07-07 19:32:17:834 [AppRun.wrapped/belle-sip] MESSAGE Creating listening point [0x73461c0062b0] on [sip:[::0]:-2;transport=UDP]
2025-07-07 19:32:17:834 [AppRun.wrapped/belle-sip] MESSAGE Creating listening point [0x73461c15d380] on [sip:[::0]:-2;transport=TCP]
2025-07-07 19:32:17:834 [AppRun.wrapped/belle-sip] MESSAGE Creating listening point [0x73461c15d6d0] on [sip:[::0]:-2;transport=TLS]
2025-07-07 19:32:17:834 [AppRun.wrapped/belle-sip] MESSAGE Root ca path set to /etc/ssl/certs
2025-07-07 19:32:17:834 [AppRun.wrapped/belle-sip] MESSAGE Root ca path set to /etc/ssl/certs
2025-07-07 19:32:17:834 [AppRun.wrapped/belle-sip] MESSAGE Root ca path set to /tmp/.mount_LinphomYTcQ1/usr/share/linphone/rootca.pem
2025-07-07 19:32:17:834 [AppRun.wrapped/belle-sip] MESSAGE belle_sip_stack_set_ip_version_preference(): AF_INET6
2025-07-07 19:32:17:835 [AppRun.wrapped/liblinphone] MESSAGE Switching LinphoneCore [0x73461c007670] from state LinphoneGlobalReady to LinphoneGlobalStartup
2025-07-07 19:32:17:835 [AppRun.wrapped/liblinphone] MESSAGE Loading linphone core plugins from ./lib/liblinphone/plugins
2025-07-07 19:32:17:835 [AppRun.wrapped/liblinphone] MESSAGE Cannot open directory ./lib/liblinphone/plugins: No such file or directory
2025-07-07 19:32:17:841 [AppRun.wrapped/liblinphone] MESSAGE [ToneManager] create ToneManager()
2025-07-07 19:32:17:848 [AppRun.wrapped/liblinphone] MESSAGE Using [/home/navaneet/.local/share/linphone//x3dh.c25519.sqlite3] as lime database path
2025-07-07 19:32:17:848 [AppRun.wrapped/liblinphone] MESSAGE [LIME] instanciate a LimeX3dhEncryption engine 0x73461c15dc10 - default server is [] and default curve [c25519] DB path: /home/navaneet/.local/share/linphone//x3dh.c25519.sqlite3
2025-07-07 19:32:17:870 [AppRun.wrapped/liblinphone] MESSAGE Using ["/home/navaneet/.local/share/linphone//linphone.db"] as default database path
2025-07-07 19:32:17:870 [AppRun.wrapped/liblinphone] MESSAGE Opening linphone database "/home/navaneet/.local/share/linphone//linphone.db" with backend Sqlite3
2025-07-07 19:32:17:877 [AppRun.wrapped/liblinphone] MESSAGE Event table version is 1.0.31
2025-07-07 19:32:17:893 [AppRun.wrapped/liblinphone] MESSAGE Friends table version is 1.0.1
2025-07-07 19:32:17:905 [AppRun.wrapped/liblinphone] MESSAGE Beginning loadChatRoms
2025-07-07 19:32:17:905 [AppRun.wrapped/liblinphone] MESSAGE Start measurement of [Get chat rooms.].
2025-07-07 19:32:17:909 [AppRun.wrapped/liblinphone] MESSAGE Duration of [Get chat rooms.]: 3ms.
2025-07-07 19:32:17:909 [AppRun.wrapped/liblinphone] MESSAGE End loadChatRoms
2025-07-07 19:32:17:912 [AppRun.wrapped/liblinphone] MESSAGE Start measurement of [Get friend lists.].
2025-07-07 19:32:17:912 [AppRun.wrapped/liblinphone] WARNING Unable to get valid core instance.
2025-07-07 19:32:17:917 [AppRun.wrapped/liblinphone] WARNING Unable to get valid core instance.
2025-07-07 19:32:17:917 [AppRun.wrapped/liblinphone] WARNING Unable to get valid core instance.
2025-07-07 19:32:17:917 [AppRun.wrapped/liblinphone] WARNING Unable to get valid core instance.
2025-07-07 19:32:17:917 [AppRun.wrapped/liblinphone] WARNING Unable to get valid core instance.
2025-07-07 19:32:17:917 [AppRun.wrapped/liblinphone] WARNING Unable to get valid core instance.
2025-07-07 19:32:17:918 [AppRun.wrapped/liblinphone] WARNING Unable to get valid core instance.
2025-07-07 19:32:17:918 [AppRun.wrapped/liblinphone] WARNING Unable to get valid core instance.
2025-07-07 19:32:17:918 [AppRun.wrapped/liblinphone] MESSAGE Duration of [Get friend lists.]: 5ms.
2025-07-07 19:32:17:931 [AppRun.wrapped/liblinphone] MESSAGE Fetched [2] friend lists from DB
2025-07-07 19:32:17:931 [AppRun.wrapped/liblinphone] MESSAGE Using [/home/navaneet/.local/share/linphone//call-history.db] as legacy call history database path
2025-07-07 19:32:17:932 [AppRun.wrapped/liblinphone] WARNING nothing to migrate, skipping...
2025-07-07 19:32:17:932 [AppRun.wrapped/liblinphone] MESSAGE Using [/home/navaneet/.local/share/linphone//zrtp-secrets.db] as default zrtp secrets database path
2025-07-07 19:32:17:932 [AppRun.wrapped/liblinphone] MESSAGE Using [/home/navaneet/.local/share/linphone/friends.db] as legacy friends database path
2025-07-07 19:32:17:932 [AppRun.wrapped/liblinphone] MESSAGE Using [/home/navaneet/.local/share/linphone/friends.db] file for friends database
2025-07-07 19:32:17:932 [AppRun.wrapped/belle-sip] MESSAGE Root ca path set to /tmp/.mount_LinphomYTcQ1/usr/share/linphone/rootca.pem
2025-07-07 19:32:17:932 [AppRun.wrapped/belle-sip] MESSAGE belle_sip_stack_force_name_addr(): forced=0
2025-07-07 19:32:17:933 [AppRun.wrapped/liblinphone] MESSAGE SIP network reachability state is now [UP]
2025-07-07 19:32:17:933 [AppRun.wrapped/liblinphone] MESSAGE Media network reachability state is now [UP]
2025-07-07 19:32:17:933 [AppRun.wrapped/liblinphone] MESSAGE Switching LinphoneCore [0x73461c007670] from state LinphoneGlobalStartup to LinphoneGlobalConfiguring
2025-07-07 19:32:17:933 [AppRun.wrapped/liblinphone] MESSAGE Linphone core [0x73461c007670] notified [global_state_changed]
2025-07-07 19:32:17:933 [AppRun.wrapped/liblinphone] MESSAGE Linphone core [0x73461c007670] notified [configuring_status]
2025-07-07 19:32:17:933 [AppRun.wrapped/belle-sip] MESSAGE Listening point [0x73461c0062b0] on [sip:[::0]:-2;transport=UDP] destroyed
2025-07-07 19:32:17:933 [AppRun.wrapped/belle-sip] MESSAGE Listening point [0x73461c15d380] on [sip:[::0]:-2;transport=TCP] destroyed
2025-07-07 19:32:17:933 [AppRun.wrapped/belle-sip] MESSAGE Listening point [0x73461c15d6d0] on [sip:[::0]:-2;transport=TLS] destroyed
2025-07-07 19:32:17:933 [AppRun.wrapped/liblinphone] MESSAGE Sal::unlistenPorts(): done
2025-07-07 19:32:17:933 [AppRun.wrapped/belle-sip] MESSAGE Creating listening point [0x73461c15db50] on [sip:[::0]:-2;transport=UDP]
2025-07-07 19:32:17:933 [AppRun.wrapped/belle-sip] MESSAGE Creating listening point [0x73461c15d380] on [sip:[::0]:-2;transport=TCP]
2025-07-07 19:32:17:933 [AppRun.wrapped/belle-sip] MESSAGE Creating listening point [0x73461c1bb8b0] on [sip:[::0]:-2;transport=TLS]
2025-07-07 19:32:17:933 [AppRun.wrapped/belle-sip] MESSAGE Root ca path set to /etc/ssl/certs
2025-07-07 19:32:17:933 [AppRun.wrapped/belle-sip] MESSAGE Root ca path set to /etc/ssl/certs
2025-07-07 19:32:17:933 [AppRun.wrapped/belle-sip] MESSAGE Root ca path set to /tmp/.mount_LinphomYTcQ1/usr/share/linphone/rootca.pem
2025-07-07 19:32:17:933 [AppRun.wrapped/belle-sip] MESSAGE belle_sip_stack_set_ip_version_preference(): AF_INET6
2025-07-07 19:32:17:934 [AppRun.wrapped/liblinphone] MESSAGE Switching LinphoneCore [0x73461c007670] from state LinphoneGlobalConfiguring to LinphoneGlobalOn
2025-07-07 19:32:17:934 [AppRun.wrapped/liblinphone] MESSAGE Linphone core [0x73461c007670] notified [global_state_changed]
2025-07-07 19:32:17:934 [AppRun.wrapped/liblinphone] MESSAGE Updating friend list [0x73461c1cfbc8] subscriptions
2025-07-07 19:32:17:934 [AppRun.wrapped/liblinphone] MESSAGE Updating friend list [0x73461c1cfbc8](app_friends) subscriptions
2025-07-07 19:32:17:934 [AppRun.wrapped/liblinphone] MESSAGE Friend list [0x73461c1cfbc8] subscription update skipped since dependant proxy config is not yet registered
2025-07-07 19:32:17:934 [AppRun.wrapped/liblinphone] MESSAGE Updating friend list [0x73461c1cd998] subscriptions
2025-07-07 19:32:17:934 [AppRun.wrapped/liblinphone] MESSAGE Updating friend list [0x73461c1cd998](ldap_friends) subscriptions
2025-07-07 19:32:17:934 [AppRun.wrapped/liblinphone] MESSAGE Friend list [0x73461c1cd998] subscription update skipped since dependant proxy config is not yet registered
2025-07-07 19:32:17:934 [AppRun.wrapped/liblinphone] MESSAGE linphone_core_set_mic_gain_db(): no active call.
2025-07-07 19:32:17:934 [AppRun.wrapped/liblinphone] MESSAGE linphone_core_set_playback_gain_db(): no active call.
2025-07-07 19:32:17:944 [AppRun.wrapped/mediastreamer] MESSAGE Loading ms plugins from [/tmp/.mount_LinphomYTcQ1/usr/lib/mediastreamer/plugins]
2025-07-07 19:32:17:945 [AppRun.wrapped/mediastreamer] MESSAGE Loading plugin /tmp/.mount_LinphomYTcQ1/usr/lib/mediastreamer/plugins/libmsopenh264.so...
2025-07-07 19:32:17:946 [AppRun.wrapped/bctbx] MESSAGE msopenh264-1.2.1 plugin registered.
2025-07-07 19:32:17:946 [AppRun.wrapped/mediastreamer] MESSAGE Plugin loaded (libmsopenh264.so)
2025-07-07 19:32:17:946 [AppRun.wrapped/mediastreamer] MESSAGE Loading plugin /tmp/.mount_LinphomYTcQ1/usr/lib/mediastreamer/plugins/libmsqogl.so...
2025-07-07 19:32:17:946 [AppRun.wrapped/mediastreamer] MESSAGE libmsqogl debug plugin loaded
2025-07-07 19:32:17:946 [AppRun.wrapped/mediastreamer] MESSAGE Plugin loaded (libmsqogl.so)
2025-07-07 19:32:17:946 [AppRun.wrapped/mediastreamer] MESSAGE Loading plugin /tmp/.mount_LinphomYTcQ1/usr/lib/mediastreamer/plugins/libmswebrtc.so...
2025-07-07 19:32:17:946 [AppRun.wrapped/bctbx] MESSAGE libmswebrtc 1.1.1 plugin loaded, iLBC codec version 1.1.1
2025-07-07 19:32:17:946 [AppRun.wrapped/mediastreamer] MESSAGE Plugin loaded (libmswebrtc.so)
2025-07-07 19:32:17:946 [AppRun.wrapped/mediastreamer] MESSAGE Could not find encoder for SILK
2025-07-07 19:32:17:946 [AppRun.wrapped/mediastreamer] MESSAGE Could not find encoder for AMR
2025-07-07 19:32:17:946 [AppRun.wrapped/mediastreamer] MESSAGE Could not find encoder for AMR-WB
2025-07-07 19:32:17:946 [AppRun.wrapped/mediastreamer] MESSAGE Could not find encoder for mpeg4-generic
2025-07-07 19:32:17:946 [AppRun.wrapped/mediastreamer] MESSAGE Could not find encoder for mpeg4-generic
2025-07-07 19:32:17:946 [AppRun.wrapped/mediastreamer] MESSAGE Could not find encoder for mpeg4-generic
2025-07-07 19:32:17:946 [AppRun.wrapped/mediastreamer] MESSAGE Could not find encoder for mpeg4-generic
2025-07-07 19:32:17:946 [AppRun.wrapped/mediastreamer] MESSAGE Could not find encoder for mpeg4-generic
2025-07-07 19:32:17:946 [AppRun.wrapped/mediastreamer] MESSAGE Could not find encoder for iSAC
2025-07-07 19:32:17:946 [AppRun.wrapped/mediastreamer] MESSAGE Could not find encoder for SILK
2025-07-07 19:32:17:946 [AppRun.wrapped/mediastreamer] MESSAGE Could not find encoder for SILK
2025-07-07 19:32:17:946 [AppRun.wrapped/mediastreamer] MESSAGE Could not find encoder for SILK
2025-07-07 19:32:17:946 [AppRun.wrapped/mediastreamer] MESSAGE Could not find encoder for G726-16
2025-07-07 19:32:17:946 [AppRun.wrapped/mediastreamer] MESSAGE Could not find encoder for G726-24
2025-07-07 19:32:17:946 [AppRun.wrapped/mediastreamer] MESSAGE Could not find encoder for G726-32
2025-07-07 19:32:17:946 [AppRun.wrapped/mediastreamer] MESSAGE Could not find encoder for G726-40
2025-07-07 19:32:17:946 [AppRun.wrapped/mediastreamer] MESSAGE Could not find encoder for AAL2-G726-16
2025-07-07 19:32:17:946 [AppRun.wrapped/mediastreamer] MESSAGE Could not find encoder for AAL2-G726-24
2025-07-07 19:32:17:946 [AppRun.wrapped/mediastreamer] MESSAGE Could not find encoder for AAL2-G726-32
2025-07-07 19:32:17:946 [AppRun.wrapped/mediastreamer] MESSAGE Could not find encoder for AAL2-G726-40
2025-07-07 19:32:17:946 [AppRun.wrapped/mediastreamer] MESSAGE Could not find encoder for CODEC2
2025-07-07 19:32:17:946 [AppRun.wrapped/mediastreamer] MESSAGE Could not find encoder for 1016
2025-07-07 19:32:17:946 [AppRun.wrapped/mediastreamer] MESSAGE Could not find encoder for G723
2025-07-07 19:32:17:946 [AppRun.wrapped/mediastreamer] MESSAGE Could not find encoder for LPC
2025-07-07 19:32:17:946 [AppRun.wrapped/mediastreamer] MESSAGE Could not find encoder for CN
2025-07-07 19:32:17:946 [AppRun.wrapped/mediastreamer] MESSAGE Could not find encoder for H265
2025-07-07 19:32:17:946 [AppRun.wrapped/mediastreamer] MESSAGE Could not find encoder for MP4V-ES
2025-07-07 19:32:17:946 [AppRun.wrapped/mediastreamer] MESSAGE Could not find encoder for H263-1998
2025-07-07 19:32:17:946 [AppRun.wrapped/mediastreamer] MESSAGE Could not find encoder for H263
2025-07-07 19:32:17:946 [AppRun.wrapped/mediastreamer] MESSAGE Could not find encoder for H261
2025-07-07 19:32:17:946 [AppRun.wrapped/mediastreamer] MESSAGE Could not find encoder for MPV
2025-07-07 19:32:17:946 [AppRun.wrapped/liblinphone] MESSAGE Supported codec red/1000 fmtp= automatically added to codec list.
2025-07-07 19:32:17:946 [AppRun.wrapped/liblinphone] MESSAGE Supported codec t140/1000 fmtp= automatically added to codec list.
2025-07-07 19:32:17:946 [AppRun.wrapped/liblinphone] MESSAGE Sorting video codec list, new list is:
2025-07-07 19:32:17:946 [AppRun.wrapped/liblinphone] MESSAGE AV1
2025-07-07 19:32:17:946 [AppRun.wrapped/liblinphone] MESSAGE H264
2025-07-07 19:32:17:946 [AppRun.wrapped/liblinphone] MESSAGE VP8
2025-07-08 10:45:50:573 [AppRun.wrapped/liblinphone] MESSAGE Using (r/w) config information from /home/navaneet/.config/linphone/linphonerc
2025-07-08 10:45:50:575 [AppRun.wrapped/liblinphone] MESSAGE Reading config information from /tmp/.mount_Linpho1AUYja/usr/share/linphone/linphonerc-factory
2025-07-08 10:45:50:623 [AppRun.wrapped/liblinphone] MESSAGE Initializing LinphoneCore 5.4.18
2025-07-08 10:45:50:635 [AppRun.wrapped/liblinphone] MESSAGE Sal nat helper [enabled]
2025-07-08 10:45:50:658 [AppRun.wrapped/mediastreamer] MESSAGE Mediastreamer2 factory 5.4.0 (git: unknown) initialized.
2025-07-08 10:45:50:659 [AppRun.wrapped/mediastreamer] MESSAGE CPU count set to 12
2025-07-08 10:45:50:659 [AppRun.wrapped/mediastreamer] MESSAGE ms_factory_init() done: platform_tags=linux,x86,desktop
2025-07-08 10:45:50:662 [AppRun.wrapped/mediastreamer] MESSAGE srtp init
2025-07-08 10:45:50:671 [AppRun.wrapped/mediastreamer] MESSAGE Registering all soundcard handlers
2025-07-08 10:45:50:675 [AppRun.wrapped/mediastreamer] MESSAGE New PulseAudio context state: PA_CONTEXT_CONNECTING
2025-07-08 10:45:50:678 [AppRun.wrapped/mediastreamer] MESSAGE New PulseAudio context state: PA_CONTEXT_AUTHORIZING
2025-07-08 10:45:50:678 [AppRun.wrapped/mediastreamer] MESSAGE New PulseAudio context state: PA_CONTEXT_SETTING_NAME
2025-07-08 10:45:50:684 [AppRun.wrapped/mediastreamer] MESSAGE New PulseAudio context state: PA_CONTEXT_READY
2025-07-08 10:45:50:686 [AppRun.wrapped/mediastreamer] MESSAGE Card 'PulseAudio: Built-in Audio Analog Stereo [Unknown]' added with capabilities [capture, playback]
2025-07-08 10:45:50:707 [AppRun.wrapped/mediastreamer] MESSAGE Card 'ALSA: default [Unknown]' added with capabilities [capture, playback]
2025-07-08 10:45:50:707 [AppRun.wrapped/mediastreamer] MESSAGE ALSA: found card with name [HDA Intel PCH], long name [HDA Intel PCH at 0x6001150000 irq 160].
2025-07-08 10:45:50:768 [AppRun.wrapped/mediastreamer] MESSAGE Card 'ALSA: HDA Intel PCH [Unknown]' added with capabilities [capture, playback]
2025-07-08 10:45:50:768 [AppRun.wrapped/mediastreamer] MESSAGE Registering all webcam handlers
2025-07-08 10:45:50:868 [AppRun.wrapped/mediastreamer] MESSAGE Webcam V4L2: /dev/video0 added
2025-07-08 10:45:50:869 [AppRun.wrapped/mediastreamer] MESSAGE [MSV4l2] Ignored /dev/video1, not a capture device.
2025-07-08 10:45:50:873 [AppRun.wrapped/mediastreamer] MESSAGE Webcam StaticImage: Static picture added
2025-07-08 10:45:50:873 [AppRun.wrapped/mediastreamer] MESSAGE ms_factory_init_voip() done
2025-07-08 10:45:50:873 [AppRun.wrapped/mediastreamer] MESSAGE Loading ms plugins from [/tmp/.mount_Linpho1AUYja/usr/lib/mediastreamer/plugins]
2025-07-08 10:45:50:873 [AppRun.wrapped/mediastreamer] MESSAGE Loading plugin /tmp/.mount_Linpho1AUYja/usr/lib/mediastreamer/plugins/libmsopenh264.so...
2025-07-08 10:45:50:878 [AppRun.wrapped/mediastreamer] WARNING Fail to load plugin /tmp/.mount_Linpho1AUYja/usr/lib/mediastreamer/plugins/libmsopenh264.so : libopenh264.so.6: cannot open shared object file: No such file or directory
2025-07-08 10:45:50:878 [AppRun.wrapped/mediastreamer] WARNING Could not locate init routine  of plugin libmsopenh264.so
2025-07-08 10:45:50:878 [AppRun.wrapped/mediastreamer] MESSAGE Loading plugin /tmp/.mount_Linpho1AUYja/usr/lib/mediastreamer/plugins/libmsqogl.so...
2025-07-08 10:45:50:884 [AppRun.wrapped/mediastreamer] MESSAGE libmsqogl debug plugin loaded
2025-07-08 10:45:50:884 [AppRun.wrapped/mediastreamer] MESSAGE Plugin loaded (libmsqogl.so)
2025-07-08 10:45:50:884 [AppRun.wrapped/mediastreamer] MESSAGE Loading plugin /tmp/.mount_Linpho1AUYja/usr/lib/mediastreamer/plugins/libmswebrtc.so...
2025-07-08 10:45:50:897 [AppRun.wrapped/bctbx] MESSAGE libmswebrtc 1.1.1 plugin loaded, iLBC codec version 1.1.1
2025-07-08 10:45:50:897 [AppRun.wrapped/mediastreamer] MESSAGE Plugin loaded (libmswebrtc.so)
2025-07-08 10:45:50:897 [AppRun.wrapped/liblinphone] MESSAGE Core callbacks [0x77360c055060] registered on core [0x77360c007680]
2025-07-08 10:45:50:899 [AppRun.wrapped/ortp] MESSAGE oRTP-5.4.0 initialized with Atomic protection.
2025-07-08 10:45:50:899 [AppRun.wrapped/liblinphone] MESSAGE Codec opus/48000 fmtp=[useinbandfec=1] number=-1, default enablement: 1) added to the list of possible codecs.
2025-07-08 10:45:50:899 [AppRun.wrapped/liblinphone] MESSAGE Codec SILK/16000 fmtp=[] number=-1, default enablement: 1) added to the list of possible codecs.
2025-07-08 10:45:50:899 [AppRun.wrapped/liblinphone] MESSAGE Codec speex/16000 fmtp=[vbr=on] number=-1, default enablement: 1) added to the list of possible codecs.
2025-07-08 10:45:50:899 [AppRun.wrapped/liblinphone] MESSAGE Codec speex/8000 fmtp=[vbr=on] number=-1, default enablement: 1) added to the list of possible codecs.
2025-07-08 10:45:50:899 [AppRun.wrapped/liblinphone] MESSAGE Codec PCMU/8000 fmtp=[] number=0, default enablement: 1) added to the list of possible codecs.
2025-07-08 10:45:50:899 [AppRun.wrapped/liblinphone] MESSAGE Codec PCMA/8000 fmtp=[] number=8, default enablement: 1) added to the list of possible codecs.
2025-07-08 10:45:50:899 [AppRun.wrapped/liblinphone] MESSAGE Codec red/1000 fmtp=[] number=-1, default enablement: 1) added to the list of possible codecs.
2025-07-08 10:45:50:899 [AppRun.wrapped/liblinphone] MESSAGE Codec t140/1000 fmtp=[] number=-1, default enablement: 1) added to the list of possible codecs.
2025-07-08 10:45:50:899 [AppRun.wrapped/liblinphone] MESSAGE Codec GSM/8000 fmtp=[] number=3, default enablement: 0) added to the list of possible codecs.
2025-07-08 10:45:50:899 [AppRun.wrapped/liblinphone] MESSAGE Codec G722/8000 fmtp=[] number=9, default enablement: 0) added to the list of possible codecs.
2025-07-08 10:45:50:899 [AppRun.wrapped/liblinphone] MESSAGE Codec iLBC/8000 fmtp=[mode=30] number=-1, default enablement: 0) added to the list of possible codecs.
2025-07-08 10:45:50:899 [AppRun.wrapped/liblinphone] MESSAGE Codec AMR/8000 fmtp=[octet-align=1] number=-1, default enablement: 0) added to the list of possible codecs.
2025-07-08 10:45:50:899 [AppRun.wrapped/liblinphone] MESSAGE Codec AMR-WB/16000 fmtp=[octet-align=1] number=-1, default enablement: 0) added to the list of possible codecs.
2025-07-08 10:45:50:899 [AppRun.wrapped/liblinphone] MESSAGE Codec G729/8000 fmtp=[annexb=yes] number=18, default enablement: 1) added to the list of possible codecs.
2025-07-08 10:45:50:899 [AppRun.wrapped/liblinphone] MESSAGE Codec mpeg4-generic/16000 fmtp=[config=F8EE2000; constantDuration=512; indexDeltaLength=3; indexLength=3; mode=AAC-hbr; profile-level-id=76; sizeLength=13; streamType=5] number=-1, default enablement: 0) added to the list of possible codecs.
2025-07-08 10:45:50:899 [AppRun.wrapped/liblinphone] MESSAGE Codec mpeg4-generic/22050 fmtp=[config=F8EE2000; constantDuration=512; indexDeltaLength=3; indexLength=3; mode=AAC-hbr; profile-level-id=76; sizeLength=13; streamType=5] number=-1, default enablement: 0) added to the list of possible codecs.
2025-07-08 10:45:50:899 [AppRun.wrapped/liblinphone] MESSAGE Codec mpeg4-generic/32000 fmtp=[config=F8E82000; constantDuration=512; indexDeltaLength=3; indexLength=3; mode=AAC-hbr; profile-level-id=76; sizeLength=13; streamType=5] number=-1, default enablement: 0) added to the list of possible codecs.
2025-07-08 10:45:50:900 [AppRun.wrapped/liblinphone] MESSAGE Codec mpeg4-generic/44100 fmtp=[config=F8E82000; constantDuration=512; indexDeltaLength=3; indexLength=3; mode=AAC-hbr; profile-level-id=76; sizeLength=13; streamType=5] number=-1, default enablement: 0) added to the list of possible codecs.
2025-07-08 10:45:50:900 [AppRun.wrapped/liblinphone] MESSAGE Codec mpeg4-generic/48000 fmtp=[config=F8EE2000; constantDuration=512; indexDeltaLength=3; indexLength=3; mode=AAC-hbr; profile-level-id=76; sizeLength=13; streamType=5] number=-1, default enablement: 0) added to the list of possible codecs.
2025-07-08 10:45:50:900 [AppRun.wrapped/liblinphone] MESSAGE Codec iSAC/16000 fmtp=[] number=-1, default enablement: 0) added to the list of possible codecs.
2025-07-08 10:45:50:900 [AppRun.wrapped/liblinphone] MESSAGE Codec speex/32000 fmtp=[vbr=on] number=-1, default enablement: 0) added to the list of possible codecs.
2025-07-08 10:45:50:900 [AppRun.wrapped/liblinphone] MESSAGE Codec SILK/8000 fmtp=[] number=-1, default enablement: 0) added to the list of possible codecs.
2025-07-08 10:45:50:900 [AppRun.wrapped/liblinphone] MESSAGE Codec SILK/12000 fmtp=[] number=-1, default enablement: 0) added to the list of possible codecs.
2025-07-08 10:45:50:900 [AppRun.wrapped/liblinphone] MESSAGE Codec SILK/24000 fmtp=[] number=-1, default enablement: 0) added to the list of possible codecs.
2025-07-08 10:45:50:900 [AppRun.wrapped/liblinphone] MESSAGE Codec G726-16/8000 fmtp=[] number=-1, default enablement: 0) added to the list of possible codecs.
2025-07-08 10:45:50:900 [AppRun.wrapped/liblinphone] MESSAGE Codec G726-24/8000 fmtp=[] number=-1, default enablement: 0) added to the list of possible codecs.
2025-07-08 10:45:50:900 [AppRun.wrapped/liblinphone] MESSAGE Codec G726-32/8000 fmtp=[] number=-1, default enablement: 0) added to the list of possible codecs.
2025-07-08 10:45:50:900 [AppRun.wrapped/liblinphone] MESSAGE Codec G726-40/8000 fmtp=[] number=-1, default enablement: 0) added to the list of possible codecs.
2025-07-08 10:45:50:900 [AppRun.wrapped/liblinphone] MESSAGE Codec AAL2-G726-16/8000 fmtp=[] number=-1, default enablement: 0) added to the list of possible codecs.
2025-07-08 10:45:50:900 [AppRun.wrapped/liblinphone] MESSAGE Codec AAL2-G726-24/8000 fmtp=[] number=-1, default enablement: 0) added to the list of possible codecs.
2025-07-08 10:45:50:900 [AppRun.wrapped/liblinphone] MESSAGE Codec AAL2-G726-32/8000 fmtp=[] number=-1, default enablement: 0) added to the list of possible codecs.
2025-07-08 10:45:50:900 [AppRun.wrapped/liblinphone] MESSAGE Codec AAL2-G726-40/8000 fmtp=[] number=-1, default enablement: 0) added to the list of possible codecs.
2025-07-08 10:45:50:900 [AppRun.wrapped/liblinphone] MESSAGE Codec CODEC2/8000 fmtp=[] number=-1, default enablement: 0) added to the list of possible codecs.
2025-07-08 10:45:50:900 [AppRun.wrapped/liblinphone] MESSAGE Codec BV16/8000 fmtp=[] number=-1, default enablement: 0) added to the list of possible codecs.
2025-07-08 10:45:50:900 [AppRun.wrapped/liblinphone] MESSAGE Codec AV1/90000 fmtp=[] number=-1, default enablement: 1) added to the list of possible codecs.
2025-07-08 10:45:50:900 [AppRun.wrapped/liblinphone] MESSAGE Codec VP8/90000 fmtp=[] number=-1, default enablement: 1) added to the list of possible codecs.
2025-07-08 10:45:50:900 [AppRun.wrapped/liblinphone] MESSAGE Codec H264/90000 fmtp=[profile-level-id=42801F] number=-1, default enablement: 1) added to the list of possible codecs.
2025-07-08 10:45:50:900 [AppRun.wrapped/liblinphone] MESSAGE Codec H265/90000 fmtp=[] number=-1, default enablement: 1) added to the list of possible codecs.
2025-07-08 10:45:50:900 [AppRun.wrapped/liblinphone] MESSAGE Codec MP4V-ES/90000 fmtp=[profile-level-id=3] number=-1, default enablement: 1) added to the list of possible codecs.
2025-07-08 10:45:50:900 [AppRun.wrapped/liblinphone] MESSAGE Codec H263-1998/90000 fmtp=[CIF=1;QCIF=1] number=-1, default enablement: 0) added to the list of possible codecs.
2025-07-08 10:45:50:900 [AppRun.wrapped/liblinphone] MESSAGE Codec H263/90000 fmtp=[] number=34, default enablement: 0) added to the list of possible codecs.
2025-07-08 10:45:50:900 [AppRun.wrapped/liblinphone] MESSAGE Codec 1016/8000 fmtp=[] number=1, default enablement: 0) added to the list of possible codecs.
2025-07-08 10:45:50:900 [AppRun.wrapped/liblinphone] MESSAGE Codec G723/8000 fmtp=[] number=4, default enablement: 0) added to the list of possible codecs.
2025-07-08 10:45:50:900 [AppRun.wrapped/liblinphone] MESSAGE Codec LPC/8000 fmtp=[] number=7, default enablement: 0) added to the list of possible codecs.
2025-07-08 10:45:50:900 [AppRun.wrapped/liblinphone] MESSAGE Codec L16/44100 fmtp=[] number=10, default enablement: 0) added to the list of possible codecs.
2025-07-08 10:45:50:900 [AppRun.wrapped/liblinphone] MESSAGE Codec L16/44100 fmtp=[] number=11, default enablement: 0) added to the list of possible codecs.
2025-07-08 10:45:50:900 [AppRun.wrapped/liblinphone] MESSAGE Codec CN/8000 fmtp=[] number=13, default enablement: 0) added to the list of possible codecs.
2025-07-08 10:45:50:900 [AppRun.wrapped/liblinphone] MESSAGE Codec H261/90000 fmtp=[] number=31, default enablement: 0) added to the list of possible codecs.
2025-07-08 10:45:50:900 [AppRun.wrapped/liblinphone] MESSAGE Codec MPV/90000 fmtp=[] number=32, default enablement: 0) added to the list of possible codecs.
2025-07-08 10:45:50:902 [AppRun.wrapped/liblinphone] MESSAGE [vCard] Creating parser using 4.0 grammar (RFC 6350/6358)
2025-07-08 10:45:50:906 [AppRun.wrapped/bctbx] MESSAGE [BelCard] Loading vCard 4.0 grammar
2025-07-08 10:45:50:917 [AppRun.wrapped/mediastreamer] MESSAGE Loading ms plugins from [/tmp/.mount_Linpho1AUYja/usr/lib/mediastreamer/plugins]
2025-07-08 10:45:50:918 [AppRun.wrapped/mediastreamer] MESSAGE Loading plugin /tmp/.mount_Linpho1AUYja/usr/lib/mediastreamer/plugins/libmsopenh264.so...
2025-07-08 10:45:50:919 [AppRun.wrapped/mediastreamer] WARNING Fail to load plugin /tmp/.mount_Linpho1AUYja/usr/lib/mediastreamer/plugins/libmsopenh264.so : libopenh264.so.6: cannot open shared object file: No such file or directory
2025-07-08 10:45:50:919 [AppRun.wrapped/mediastreamer] WARNING Could not locate init routine  of plugin libmsopenh264.so
2025-07-08 10:45:50:919 [AppRun.wrapped/mediastreamer] MESSAGE Loading plugin /tmp/.mount_Linpho1AUYja/usr/lib/mediastreamer/plugins/libmsqogl.so...
2025-07-08 10:45:50:919 [AppRun.wrapped/mediastreamer] MESSAGE libmsqogl debug plugin loaded
2025-07-08 10:45:50:919 [AppRun.wrapped/mediastreamer] MESSAGE Plugin loaded (libmsqogl.so)
2025-07-08 10:45:50:919 [AppRun.wrapped/mediastreamer] MESSAGE Loading plugin /tmp/.mount_Linpho1AUYja/usr/lib/mediastreamer/plugins/libmswebrtc.so...
2025-07-08 10:45:50:919 [AppRun.wrapped/bctbx] MESSAGE libmswebrtc 1.1.1 plugin loaded, iLBC codec version 1.1.1
2025-07-08 10:45:50:919 [AppRun.wrapped/mediastreamer] MESSAGE Plugin loaded (libmswebrtc.so)
2025-07-08 10:45:50:919 [AppRun.wrapped/liblinphone] MESSAGE linphone_core_set_playback_gain_db(): no active call.
2025-07-08 10:45:50:919 [AppRun.wrapped/liblinphone] MESSAGE linphone_core_enable_mic(): new state is [enabled], current state is [disabled]
2025-07-08 10:45:50:919 [AppRun.wrapped/liblinphone] MESSAGE linphone_core_set_mic_gain_db(): no active call.
2025-07-08 10:45:50:920 [AppRun.wrapped/liblinphone] MESSAGE Sal nat helper [enabled]
2025-07-08 10:45:50:920 [AppRun.wrapped/liblinphone] MESSAGE Sal use rports [enabled]
2025-07-08 10:45:50:920 [AppRun.wrapped/liblinphone] MESSAGE MTU is supposed to be 1300, rtp payload max size will be 1240
2025-07-08 10:45:50:921 [AppRun.wrapped/mediastreamer] MESSAGE Could not find encoder for SILK
2025-07-08 10:45:50:921 [AppRun.wrapped/mediastreamer] MESSAGE Could not find encoder for AMR
2025-07-08 10:45:50:921 [AppRun.wrapped/mediastreamer] MESSAGE Could not find encoder for AMR-WB
2025-07-08 10:45:50:921 [AppRun.wrapped/mediastreamer] MESSAGE Could not find encoder for mpeg4-generic
2025-07-08 10:45:50:922 [AppRun.wrapped/mediastreamer] MESSAGE Could not find encoder for mpeg4-generic
2025-07-08 10:45:50:922 [AppRun.wrapped/mediastreamer] MESSAGE Could not find encoder for mpeg4-generic
2025-07-08 10:45:50:922 [AppRun.wrapped/mediastreamer] MESSAGE Could not find encoder for mpeg4-generic
2025-07-08 10:45:50:922 [AppRun.wrapped/mediastreamer] MESSAGE Could not find encoder for mpeg4-generic
2025-07-08 10:45:50:922 [AppRun.wrapped/mediastreamer] MESSAGE Could not find encoder for iSAC
2025-07-08 10:45:50:922 [AppRun.wrapped/mediastreamer] MESSAGE Could not find encoder for SILK
2025-07-08 10:45:50:922 [AppRun.wrapped/mediastreamer] MESSAGE Could not find encoder for SILK
2025-07-08 10:45:50:922 [AppRun.wrapped/mediastreamer] MESSAGE Could not find encoder for SILK
2025-07-08 10:45:50:922 [AppRun.wrapped/mediastreamer] MESSAGE Could not find encoder for G726-16
2025-07-08 10:45:50:922 [AppRun.wrapped/mediastreamer] MESSAGE Could not find encoder for G726-24
2025-07-08 10:45:50:922 [AppRun.wrapped/mediastreamer] MESSAGE Could not find encoder for G726-32
2025-07-08 10:45:50:922 [AppRun.wrapped/mediastreamer] MESSAGE Could not find encoder for G726-40
2025-07-08 10:45:50:922 [AppRun.wrapped/mediastreamer] MESSAGE Could not find encoder for AAL2-G726-16
2025-07-08 10:45:50:922 [AppRun.wrapped/mediastreamer] MESSAGE Could not find encoder for AAL2-G726-24
2025-07-08 10:45:50:922 [AppRun.wrapped/mediastreamer] MESSAGE Could not find encoder for AAL2-G726-32
2025-07-08 10:45:50:922 [AppRun.wrapped/mediastreamer] MESSAGE Could not find encoder for AAL2-G726-40
2025-07-08 10:45:50:922 [AppRun.wrapped/mediastreamer] MESSAGE Could not find encoder for CODEC2
2025-07-08 10:45:50:922 [AppRun.wrapped/mediastreamer] MESSAGE Could not find encoder for 1016
2025-07-08 10:45:50:922 [AppRun.wrapped/mediastreamer] MESSAGE Could not find encoder for G723
2025-07-08 10:45:50:922 [AppRun.wrapped/mediastreamer] MESSAGE Could not find encoder for LPC
2025-07-08 10:45:50:922 [AppRun.wrapped/mediastreamer] MESSAGE Could not find encoder for CN
2025-07-08 10:45:50:922 [AppRun.wrapped/mediastreamer] MESSAGE Could not find encoder for H264
2025-07-08 10:45:50:922 [AppRun.wrapped/liblinphone] WARNING Codec H264/90000 read from conf is not supported by mediastreamer2, ignored.
2025-07-08 10:45:50:922 [AppRun.wrapped/mediastreamer] MESSAGE Could not find encoder for H264
2025-07-08 10:45:50:922 [AppRun.wrapped/mediastreamer] MESSAGE Could not find encoder for H265
2025-07-08 10:45:50:922 [AppRun.wrapped/mediastreamer] MESSAGE Could not find encoder for MP4V-ES
2025-07-08 10:45:50:922 [AppRun.wrapped/mediastreamer] MESSAGE Could not find encoder for H263-1998
2025-07-08 10:45:50:922 [AppRun.wrapped/mediastreamer] MESSAGE Could not find encoder for H263
2025-07-08 10:45:50:922 [AppRun.wrapped/mediastreamer] MESSAGE Could not find encoder for H261
2025-07-08 10:45:50:922 [AppRun.wrapped/mediastreamer] MESSAGE Could not find encoder for MPV
2025-07-08 10:45:50:922 [AppRun.wrapped/liblinphone] MESSAGE Supported codec red/1000 fmtp= automatically added to codec list.
2025-07-08 10:45:50:922 [AppRun.wrapped/liblinphone] MESSAGE Supported codec t140/1000 fmtp= automatically added to codec list.
2025-07-08 10:45:50:924 [AppRun.wrapped/liblinphone] MESSAGE Sorting video codec list, new list is:
2025-07-08 10:45:50:924 [AppRun.wrapped/liblinphone] MESSAGE AV1
2025-07-08 10:45:50:924 [AppRun.wrapped/liblinphone] MESSAGE VP8
2025-07-08 10:45:50:924 [AppRun.wrapped/liblinphone] MESSAGE Sal use rports [enabled]
2025-07-08 10:45:50:924 [AppRun.wrapped/belle-sip] MESSAGE belle_sip_stack_set_well_know_port() : set to [5060]
2025-07-08 10:45:50:924 [AppRun.wrapped/belle-sip] MESSAGE belle_sip_stack_set_well_know_port_tls() : set to [5061]
2025-07-08 10:45:50:925 [AppRun.wrapped/belle-sip] MESSAGE Root ca path set to /etc/ssl/certs
2025-07-08 10:45:50:927 [AppRun.wrapped/belle-sip] MESSAGE Root ca path set to /etc/ssl/certs
2025-07-08 10:45:50:927 [AppRun.wrapped/belle-sip] MESSAGE Root ca path set to /tmp/.mount_Linpho1AUYja/usr/share/linphone/rootca.pem
2025-07-08 10:45:50:943 [AppRun.wrapped/liblinphone] MESSAGE Account [0x77360c0b83c0]  ("Nate" <sip:2017@192.168.1.254>) created with params
2025-07-08 10:45:50:943 [AppRun.wrapped/liblinphone] MESSAGE linphoneAccountIsServerConfigChanged : 0
2025-07-08 10:45:50:944 [AppRun.wrapped/liblinphone] MESSAGE Publish params have changed on Account [0x77360c0b83c0]  ("Nate" <sip:2017@192.168.1.254>)
2025-07-08 10:45:50:944 [AppRun.wrapped/liblinphone] MESSAGE Invalidating friends maps for list [0x77360c0aafa8]
2025-07-08 10:45:50:944 [AppRun.wrapped/liblinphone] ERROR Given algorithm is not correct. Set algorithm failed
2025-07-08 10:45:50:944 [AppRun.wrapped/liblinphone] ERROR Given algorithm is not correct. Add algorithm failed
2025-07-08 10:45:50:944 [AppRun.wrapped/liblinphone] MESSAGE Switching LinphoneCore [0x77360c007680] from state LinphoneGlobalOff to LinphoneGlobalReady
2025-07-08 10:45:50:945 [AppRun.wrapped/liblinphone] MESSAGE Core callbacks [0x77360c003480] registered on core [0x77360c007680]
2025-07-08 10:45:50:948 [AppRun.wrapped/liblinphone] MESSAGE Sal::unlistenPorts(): done
2025-07-08 10:45:50:948 [AppRun.wrapped/belle-sip] MESSAGE Creating listening point [0x77360c0062c0] on [sip:[::0]:-2;transport=UDP]
2025-07-08 10:45:50:948 [AppRun.wrapped/belle-sip] MESSAGE Creating listening point [0x77360c15d520] on [sip:[::0]:-2;transport=TCP]
2025-07-08 10:45:50:948 [AppRun.wrapped/belle-sip] MESSAGE Creating listening point [0x77360c15d870] on [sip:[::0]:-2;transport=TLS]
2025-07-08 10:45:50:948 [AppRun.wrapped/belle-sip] MESSAGE Root ca path set to /etc/ssl/certs
2025-07-08 10:45:50:948 [AppRun.wrapped/belle-sip] MESSAGE Root ca path set to /etc/ssl/certs
2025-07-08 10:45:50:948 [AppRun.wrapped/belle-sip] MESSAGE Root ca path set to /tmp/.mount_Linpho1AUYja/usr/share/linphone/rootca.pem
2025-07-08 10:45:50:948 [AppRun.wrapped/belle-sip] MESSAGE belle_sip_stack_set_ip_version_preference(): AF_INET6
2025-07-08 10:45:50:949 [AppRun.wrapped/liblinphone] MESSAGE Switching LinphoneCore [0x77360c007680] from state LinphoneGlobalReady to LinphoneGlobalStartup
2025-07-08 10:45:50:949 [AppRun.wrapped/liblinphone] MESSAGE Loading linphone core plugins from ./lib/liblinphone/plugins
2025-07-08 10:45:50:949 [AppRun.wrapped/liblinphone] MESSAGE Cannot open directory ./lib/liblinphone/plugins: No such file or directory
2025-07-08 10:45:50:955 [AppRun.wrapped/liblinphone] MESSAGE [ToneManager] create ToneManager()
2025-07-08 10:45:50:962 [AppRun.wrapped/liblinphone] MESSAGE Using [/home/navaneet/.local/share/linphone//x3dh.c25519.sqlite3] as lime database path
2025-07-08 10:45:50:963 [AppRun.wrapped/liblinphone] MESSAGE [LIME] instanciate a LimeX3dhEncryption engine 0x77360c15dd70 - default server is [] and default curve [c25519] DB path: /home/navaneet/.local/share/linphone//x3dh.c25519.sqlite3
2025-07-08 10:45:50:986 [AppRun.wrapped/liblinphone] MESSAGE Using ["/home/navaneet/.local/share/linphone//linphone.db"] as default database path
2025-07-08 10:45:50:986 [AppRun.wrapped/liblinphone] MESSAGE Opening linphone database "/home/navaneet/.local/share/linphone//linphone.db" with backend Sqlite3
2025-07-08 10:45:50:993 [AppRun.wrapped/liblinphone] MESSAGE Event table version is 1.0.31
2025-07-08 10:45:51:009 [AppRun.wrapped/liblinphone] MESSAGE Friends table version is 1.0.1
2025-07-08 10:45:51:023 [AppRun.wrapped/liblinphone] MESSAGE Beginning loadChatRoms
2025-07-08 10:45:51:023 [AppRun.wrapped/liblinphone] MESSAGE Start measurement of [Get chat rooms.].
2025-07-08 10:45:51:028 [AppRun.wrapped/liblinphone] MESSAGE Duration of [Get chat rooms.]: 5ms.
2025-07-08 10:45:51:029 [AppRun.wrapped/liblinphone] MESSAGE End loadChatRoms
2025-07-08 10:45:51:031 [AppRun.wrapped/liblinphone] MESSAGE Start measurement of [Get friend lists.].
2025-07-08 10:45:51:031 [AppRun.wrapped/liblinphone] WARNING Unable to get valid core instance.
2025-07-08 10:45:51:037 [AppRun.wrapped/liblinphone] WARNING Unable to get valid core instance.
2025-07-08 10:45:51:037 [AppRun.wrapped/liblinphone] WARNING Unable to get valid core instance.
2025-07-08 10:45:51:037 [AppRun.wrapped/liblinphone] WARNING Unable to get valid core instance.
2025-07-08 10:45:51:037 [AppRun.wrapped/liblinphone] WARNING Unable to get valid core instance.
2025-07-08 10:45:51:037 [AppRun.wrapped/liblinphone] WARNING Unable to get valid core instance.
2025-07-08 10:45:51:037 [AppRun.wrapped/liblinphone] WARNING Unable to get valid core instance.
2025-07-08 10:45:51:037 [AppRun.wrapped/liblinphone] WARNING Unable to get valid core instance.
2025-07-08 10:45:51:038 [AppRun.wrapped/liblinphone] MESSAGE Duration of [Get friend lists.]: 6ms.
2025-07-08 10:45:51:052 [AppRun.wrapped/liblinphone] MESSAGE Fetched [2] friend lists from DB
2025-07-08 10:45:51:052 [AppRun.wrapped/liblinphone] MESSAGE Using [/home/navaneet/.local/share/linphone//call-history.db] as legacy call history database path
2025-07-08 10:45:51:053 [AppRun.wrapped/liblinphone] WARNING nothing to migrate, skipping...
2025-07-08 10:45:51:053 [AppRun.wrapped/liblinphone] MESSAGE Using [/home/navaneet/.local/share/linphone//zrtp-secrets.db] as default zrtp secrets database path
2025-07-08 10:45:51:054 [AppRun.wrapped/liblinphone] MESSAGE Using [/home/navaneet/.local/share/linphone/friends.db] as legacy friends database path
2025-07-08 10:45:51:054 [AppRun.wrapped/liblinphone] MESSAGE Using [/home/navaneet/.local/share/linphone/friends.db] file for friends database
2025-07-08 10:45:51:055 [AppRun.wrapped/belle-sip] MESSAGE Root ca path set to /tmp/.mount_Linpho1AUYja/usr/share/linphone/rootca.pem
2025-07-08 10:45:51:055 [AppRun.wrapped/belle-sip] MESSAGE belle_sip_stack_force_name_addr(): forced=0
2025-07-08 10:45:51:056 [AppRun.wrapped/liblinphone] MESSAGE SIP network reachability state is now [UP]
2025-07-08 10:45:51:056 [AppRun.wrapped/liblinphone] MESSAGE Media network reachability state is now [UP]
2025-07-08 10:45:51:056 [AppRun.wrapped/liblinphone] MESSAGE Switching LinphoneCore [0x77360c007680] from state LinphoneGlobalStartup to LinphoneGlobalConfiguring
2025-07-08 10:45:51:056 [AppRun.wrapped/liblinphone] MESSAGE Linphone core [0x77360c007680] notified [global_state_changed]
2025-07-08 10:45:51:056 [AppRun.wrapped/liblinphone] MESSAGE Linphone core [0x77360c007680] notified [configuring_status]
2025-07-08 10:45:51:056 [AppRun.wrapped/belle-sip] MESSAGE Listening point [0x77360c0062c0] on [sip:[::0]:-2;transport=UDP] destroyed
2025-07-08 10:45:51:056 [AppRun.wrapped/belle-sip] MESSAGE Listening point [0x77360c15d520] on [sip:[::0]:-2;transport=TCP] destroyed
2025-07-08 10:45:51:056 [AppRun.wrapped/belle-sip] MESSAGE Listening point [0x77360c15d870] on [sip:[::0]:-2;transport=TLS] destroyed
2025-07-08 10:45:51:056 [AppRun.wrapped/liblinphone] MESSAGE Sal::unlistenPorts(): done
2025-07-08 10:45:51:056 [AppRun.wrapped/belle-sip] MESSAGE Creating listening point [0x77360c15dcf0] on [sip:[::0]:-2;transport=UDP]
2025-07-08 10:45:51:056 [AppRun.wrapped/belle-sip] MESSAGE Creating listening point [0x77360c15d520] on [sip:[::0]:-2;transport=TCP]
2025-07-08 10:45:51:057 [AppRun.wrapped/belle-sip] MESSAGE Creating listening point [0x77360c1c72f0] on [sip:[::0]:-2;transport=TLS]
2025-07-08 10:45:51:057 [AppRun.wrapped/belle-sip] MESSAGE Root ca path set to /etc/ssl/certs
2025-07-08 10:45:51:057 [AppRun.wrapped/belle-sip] MESSAGE Root ca path set to /etc/ssl/certs
2025-07-08 10:45:51:057 [AppRun.wrapped/belle-sip] MESSAGE Root ca path set to /tmp/.mount_Linpho1AUYja/usr/share/linphone/rootca.pem
2025-07-08 10:45:51:057 [AppRun.wrapped/belle-sip] MESSAGE belle_sip_stack_set_ip_version_preference(): AF_INET6
2025-07-08 10:45:51:058 [AppRun.wrapped/liblinphone] MESSAGE Switching LinphoneCore [0x77360c007680] from state LinphoneGlobalConfiguring to LinphoneGlobalOn
2025-07-08 10:45:51:058 [AppRun.wrapped/liblinphone] MESSAGE Linphone core [0x77360c007680] notified [global_state_changed]
2025-07-08 10:45:51:058 [AppRun.wrapped/liblinphone] MESSAGE Updating friend list [0x77360c1d1828] subscriptions
2025-07-08 10:45:51:058 [AppRun.wrapped/liblinphone] MESSAGE Updating friend list [0x77360c1d1828](app_friends) subscriptions
2025-07-08 10:45:51:059 [AppRun.wrapped/liblinphone] MESSAGE Friend list [0x77360c1d1828] subscription update skipped since dependant proxy config is not yet registered
2025-07-08 10:45:51:059 [AppRun.wrapped/liblinphone] MESSAGE Updating friend list [0x77360c1cf718] subscriptions
2025-07-08 10:45:51:059 [AppRun.wrapped/liblinphone] MESSAGE Updating friend list [0x77360c1cf718](ldap_friends) subscriptions
2025-07-08 10:45:51:059 [AppRun.wrapped/liblinphone] MESSAGE Friend list [0x77360c1cf718] subscription update skipped since dependant proxy config is not yet registered
2025-07-08 10:45:51:059 [AppRun.wrapped/liblinphone] MESSAGE linphone_core_set_mic_gain_db(): no active call.
2025-07-08 10:45:51:059 [AppRun.wrapped/liblinphone] MESSAGE linphone_core_set_playback_gain_db(): no active call.
2025-07-08 10:45:51:075 [AppRun.wrapped/mediastreamer] MESSAGE Loading ms plugins from [/tmp/.mount_Linpho1AUYja/usr/lib/mediastreamer/plugins]
2025-07-08 10:45:51:075 [AppRun.wrapped/mediastreamer] MESSAGE Loading plugin /tmp/.mount_Linpho1AUYja/usr/lib/mediastreamer/plugins/libmsopenh264.so...
2025-07-08 10:45:51:077 [AppRun.wrapped/bctbx] MESSAGE msopenh264-1.2.1 plugin registered.
2025-07-08 10:45:51:077 [AppRun.wrapped/mediastreamer] MESSAGE Plugin loaded (libmsopenh264.so)
2025-07-08 10:45:51:077 [AppRun.wrapped/mediastreamer] MESSAGE Loading plugin /tmp/.mount_Linpho1AUYja/usr/lib/mediastreamer/plugins/libmsqogl.so...
2025-07-08 10:45:51:077 [AppRun.wrapped/mediastreamer] MESSAGE libmsqogl debug plugin loaded
2025-07-08 10:45:51:077 [AppRun.wrapped/mediastreamer] MESSAGE Plugin loaded (libmsqogl.so)
2025-07-08 10:45:51:077 [AppRun.wrapped/mediastreamer] MESSAGE Loading plugin /tmp/.mount_Linpho1AUYja/usr/lib/mediastreamer/plugins/libmswebrtc.so...
2025-07-08 10:45:51:077 [AppRun.wrapped/bctbx] MESSAGE libmswebrtc 1.1.1 plugin loaded, iLBC codec version 1.1.1
2025-07-08 10:45:51:077 [AppRun.wrapped/mediastreamer] MESSAGE Plugin loaded (libmswebrtc.so)
2025-07-08 10:45:51:078 [AppRun.wrapped/mediastreamer] MESSAGE Could not find encoder for SILK
2025-07-08 10:45:51:078 [AppRun.wrapped/mediastreamer] MESSAGE Could not find encoder for AMR
2025-07-08 10:45:51:078 [AppRun.wrapped/mediastreamer] MESSAGE Could not find encoder for AMR-WB
2025-07-08 10:45:51:078 [AppRun.wrapped/mediastreamer] MESSAGE Could not find encoder for mpeg4-generic
2025-07-08 10:45:51:078 [AppRun.wrapped/mediastreamer] MESSAGE Could not find encoder for mpeg4-generic
2025-07-08 10:45:51:078 [AppRun.wrapped/mediastreamer] MESSAGE Could not find encoder for mpeg4-generic
2025-07-08 10:45:51:078 [AppRun.wrapped/mediastreamer] MESSAGE Could not find encoder for mpeg4-generic
2025-07-08 10:45:51:078 [AppRun.wrapped/mediastreamer] MESSAGE Could not find encoder for mpeg4-generic
2025-07-08 10:45:51:078 [AppRun.wrapped/mediastreamer] MESSAGE Could not find encoder for iSAC
2025-07-08 10:45:51:078 [AppRun.wrapped/mediastreamer] MESSAGE Could not find encoder for SILK
2025-07-08 10:45:51:078 [AppRun.wrapped/mediastreamer] MESSAGE Could not find encoder for SILK
2025-07-08 10:45:51:078 [AppRun.wrapped/mediastreamer] MESSAGE Could not find encoder for SILK
2025-07-08 10:45:51:078 [AppRun.wrapped/mediastreamer] MESSAGE Could not find encoder for G726-16
2025-07-08 10:45:51:078 [AppRun.wrapped/mediastreamer] MESSAGE Could not find encoder for G726-24
2025-07-08 10:45:51:078 [AppRun.wrapped/mediastreamer] MESSAGE Could not find encoder for G726-32
2025-07-08 10:45:51:078 [AppRun.wrapped/mediastreamer] MESSAGE Could not find encoder for G726-40
2025-07-08 10:45:51:078 [AppRun.wrapped/mediastreamer] MESSAGE Could not find encoder for AAL2-G726-16
2025-07-08 10:45:51:078 [AppRun.wrapped/mediastreamer] MESSAGE Could not find encoder for AAL2-G726-24
2025-07-08 10:45:51:078 [AppRun.wrapped/mediastreamer] MESSAGE Could not find encoder for AAL2-G726-32
2025-07-08 10:45:51:078 [AppRun.wrapped/mediastreamer] MESSAGE Could not find encoder for AAL2-G726-40
2025-07-08 10:45:51:078 [AppRun.wrapped/mediastreamer] MESSAGE Could not find encoder for CODEC2
2025-07-08 10:45:51:078 [AppRun.wrapped/mediastreamer] MESSAGE Could not find encoder for 1016
2025-07-08 10:45:51:078 [AppRun.wrapped/mediastreamer] MESSAGE Could not find encoder for G723
2025-07-08 10:45:51:078 [AppRun.wrapped/mediastreamer] MESSAGE Could not find encoder for LPC
2025-07-08 10:45:51:078 [AppRun.wrapped/mediastreamer] MESSAGE Could not find encoder for CN
2025-07-08 10:45:51:078 [AppRun.wrapped/mediastreamer] MESSAGE Could not find encoder for H265
2025-07-08 10:45:51:078 [AppRun.wrapped/mediastreamer] MESSAGE Could not find encoder for MP4V-ES
2025-07-08 10:45:51:078 [AppRun.wrapped/mediastreamer] MESSAGE Could not find encoder for H263-1998
2025-07-08 10:45:51:078 [AppRun.wrapped/mediastreamer] MESSAGE Could not find encoder for H263
2025-07-08 10:45:51:078 [AppRun.wrapped/mediastreamer] MESSAGE Could not find encoder for H261
2025-07-08 10:45:51:078 [AppRun.wrapped/mediastreamer] MESSAGE Could not find encoder for MPV
2025-07-08 10:45:51:079 [AppRun.wrapped/liblinphone] MESSAGE Supported codec red/1000 fmtp= automatically added to codec list.
2025-07-08 10:45:51:079 [AppRun.wrapped/liblinphone] MESSAGE Supported codec t140/1000 fmtp= automatically added to codec list.
2025-07-08 10:45:51:079 [AppRun.wrapped/liblinphone] MESSAGE Sorting video codec list, new list is:
2025-07-08 10:45:51:079 [AppRun.wrapped/liblinphone] MESSAGE AV1
2025-07-08 10:45:51:079 [AppRun.wrapped/liblinphone] MESSAGE H264
2025-07-08 10:45:51:079 [AppRun.wrapped/liblinphone] MESSAGE VP8
